id,plot,location,elevation,plot_size,treatment,mowing,survey_date,year,cover_vegetation,height_vegetation,parcel,block,hay_transfer,mowing_date,mowing_date_start,mowing_date_former,mowing_date_former_start,cover_soil_2024,grass_cover,graminoid_cover,richness_total,richness_R1A,richness_R22,richness_both,rlg_CR,rlg_VU,rlg_NT,rlg_EN,rlg,shannon,evenness,CWM_Height,CWM_Seed,CWM_SLA,esy,mem1,mem2,botanist
X2003roederM01,M01,middle,469,4,control_2003,NA,NA,2003,NA,NA,NA,NA,NA,NA,NA,NA,NA,NA,2,27,32,18,7,7,1,7,11,0,19,2.884112386,0.832178927,0.203812271,0.003084066,5.288131973,R,-1.153969913,-1.122140367,Daniela Röder
X2003roederM02,M02,middle,469,4,control_2003,NA,NA,2003,NA,NA,NA,NA,NA,NA,NA,NA,NA,NA,4,24,38,24,10,10,1,6,14,1,22,2.900928176,0.797487138,0.234482407,0.002326084,5.295858872,R,-1.142985289,-1.169826494,Daniela Röder
X2003roederM03,M03,middle,469,4,control_2003,NA,NA,2003,NA,NA,NA,NA,NA,NA,NA,NA,NA,NA,5,38,38,23,9,9,1,11,13,0,25,2.672759322,0.734761791,0.190022478,0.002779156,5.280347162,R,-1.144200607,-1.133212638,Daniela Röder
X2003roederM04,M04,middle,469,4,control_2003,NA,NA,2003,NA,NA,NA,NA,NA,NA,NA,NA,NA,NA,3,27,36,22,9,9,1,11,10,0,22,2.728647777,0.76144366,0.210354361,0.002125215,5.302011985,R,-1.154163579,-1.122840488,Daniela Röder
X2003roederM05,M05,middle,469,4,control_2003,NA,NA,2003,NA,NA,NA,NA,NA,NA,NA,NA,NA,NA,4,26,32,23,9,9,1,7,8,1,17,2.599371345,0.75002003,0.17967757,0.003009906,5.284205765,R,-1.142842993,-1.130444242,Daniela Röder
X2003roederM06,M06,middle,469,4,control_2003,NA,NA,2003,NA,NA,NA,NA,NA,NA,NA,NA,NA,NA,2,42,36,19,8,8,1,10,11,0,22,2.808699851,0.783782617,0.199644737,0.002932707,5.230188292,R1A,-1.154693262,-1.123892866,Daniela Röder
X2003roederM07,M07,middle,469,4,control_2003,NA,NA,2003,NA,NA,NA,NA,NA,NA,NA,NA,NA,NA,2,24,33,16,5,5,1,6,14,0,21,2.141247343,0.612396028,0.230266667,0.002720422,5.316479748,R,-1.143781911,-1.18913335,Daniela Röder
X2003roederM08,M08,middle,469,4,control_2003,NA,NA,2003,NA,NA,NA,NA,NA,NA,NA,NA,NA,NA,11,22,32,22,8,8,1,4,12,0,17,2.260818156,0.652334228,0.26938474,0.003850535,5.354634465,R1A,-1.109411756,-1.143139508,Daniela Röder
X2003roederM09,M09,middle,469,4,control_2003,NA,NA,2003,NA,NA,NA,NA,NA,NA,NA,NA,NA,NA,21,22,28,18,7,7,1,2,13,0,16,2.180469919,0.654362574,0.285753019,0.004816957,5.325420952,R1A,-1.10969435,-1.143685659,Daniela Röder
X2003roederM10,M10,middle,469,4,control_2003,NA,NA,2003,NA,NA,NA,NA,NA,NA,NA,NA,NA,NA,1,51,31,18,8,8,1,4,15,0,20,2.129617413,0.620158808,0.215944624,0.00274419,5.306973726,R1A,-1.131478608,-1.171789744,Daniela Röder
X2003roederM11,M11,middle,469,4,control_2003,NA,NA,2003,NA,NA,NA,NA,NA,NA,NA,NA,NA,NA,6,38,33,23,8,8,1,6,11,0,18,2.180084439,0.623503425,0.241969622,0.002757532,5.337182643,R1A,-1.132864291,-1.198025168,Daniela Röder
X2003roederM12,M12,middle,469,4,control_2003,NA,NA,2003,NA,NA,NA,NA,NA,NA,NA,NA,NA,NA,2,33,35,18,5,5,1,6,14,0,21,2.193868484,0.617061521,0.227196868,0.003426362,5.325812173,R1A,-1.132114985,-1.196986769,Daniela Röder
X2003roederM13,M13,middle,469,4,control_2003,NA,NA,2003,NA,NA,NA,NA,NA,NA,NA,NA,NA,NA,3,23,36,14,3,3,1,9,14,0,24,2.302266712,0.642459759,0.260891534,0.002883131,5.339302359,R,-1.145587787,-1.191492475,Daniela Röder
X2003roederM14,M14,middle,469,4,control_2003,NA,NA,2003,NA,NA,NA,NA,NA,NA,NA,NA,NA,NA,33,45,35,19,4,4,1,6,13,0,20,2.834622555,0.797284121,0.296241071,0.002694372,5.326454113,R1A,-1.135295235,-1.201284659,Daniela Röder
X2003roederM15,M15,middle,469,4,control_2003,NA,NA,2003,NA,NA,NA,NA,NA,NA,NA,NA,NA,NA,6,22,36,21,8,8,1,7,14,0,22,2.964596017,0.82728627,0.232582516,0.003086834,5.286762788,R1A,-1.135644618,-1.201726617,Daniela Röder
X2003roederM16,M16,middle,469,4,control_2003,NA,NA,2003,NA,NA,NA,NA,NA,NA,NA,NA,NA,NA,1,16,32,21,7,7,1,4,14,0,19,1.906295236,0.550040537,0.265683712,0.002782136,5.384426581,R1A,-1.135819085,-1.201966218,Daniela Röder
X2003roederM17,M17,middle,469,4,control_2003,NA,NA,2003,NA,NA,NA,NA,NA,NA,NA,NA,NA,NA,4,14,33,15,3,3,1,8,10,0,19,2.206866625,0.631163121,0.285011582,0.003587696,5.34836325,R22,-1.135680019,-1.201714635,Daniela Röder
X2003roederM18,M18,middle,469,4,control_2003,NA,NA,2003,NA,NA,NA,NA,NA,NA,NA,NA,NA,NA,2,32,33,16,4,4,1,6,12,0,19,2.30846582,0.660220457,0.227248188,0.002389287,5.309303364,R1A,-1.135855659,-1.202084861,Daniela Röder
X2003roederN01,N01,north,469,4,control_2003,NA,NA,2003,NA,NA,NA,NA,NA,NA,NA,NA,NA,NA,4,44,25,20,7,7,1,5,9,0,15,1.642705777,0.510335243,0.236015207,0.002493123,5.349219956,R1A,-0.310843693,0.286827511,Daniela Röder
X2003roederN02,N02,north,469,4,control_2003,NA,NA,2003,NA,NA,NA,NA,NA,NA,NA,NA,NA,NA,50,70,20,13,5,5,1,4,9,0,14,1.649605579,0.55065187,0.331228585,0.002837705,5.380856937,R1A,-0.290296012,0.301006308,Daniela Röder
X2003roederN03,N03,north,469,4,control_2003,NA,NA,2003,NA,NA,NA,NA,NA,NA,NA,NA,NA,NA,6,46,24,15,4,4,0,4,9,0,13,1.837051989,0.578043069,0.231124611,0.002523091,5.314606181,R22,-0.290399321,0.300976112,Daniela Röder
X2003roederN04,N04,north,469,4,control_2003,NA,NA,2003,NA,NA,NA,NA,NA,NA,NA,NA,NA,NA,3,33,27,19,9,9,0,4,11,0,15,1.884778587,0.571866468,0.35958758,0.001885356,5.318646776,R1A,-0.290484914,0.300942845,Daniela Röder
X2003roederN05,N05,north,469,4,control_2003,NA,NA,2003,NA,NA,NA,NA,NA,NA,NA,NA,NA,NA,8,39,24,15,1,1,0,3,11,0,14,1.764107106,0.555090379,0.248242297,0.002534532,5.350798995,R,-0.294295857,0.304383102,Daniela Röder
X2003roederN06,N06,north,469,4,control_2003,NA,NA,2003,NA,NA,NA,NA,NA,NA,NA,NA,NA,NA,21,51,24,15,2,2,0,4,10,1,15,1.991331494,0.626588346,0.275284,0.002602515,5.34519726,R1A,-0.294338336,0.304303702,Daniela Röder
X2003roederS01,S01,south,469,4,control_2003,NA,NA,2003,NA,NA,NA,NA,NA,NA,NA,NA,NA,NA,2,32,29,11,1,1,1,8,10,0,19,2.26487853,0.672610499,0.20310101,0.002834495,5.295564141,R1A,-0.487345033,1.318334844,Daniela Röder
X2003roederS02,S02,south,469,4,control_2003,NA,NA,2003,NA,NA,NA,NA,NA,NA,NA,NA,NA,NA,4,44,29,11,3,3,1,7,11,0,19,2.092642742,0.621460913,0.228804511,0.00293588,5.321022052,R1A,-0.488211067,1.321986284,Daniela Röder
X2003roederS03,S03,south,469,4,control_2003,NA,NA,2003,NA,NA,NA,NA,NA,NA,NA,NA,NA,NA,10,90,31,14,6,6,1,8,13,0,22,2.005038495,0.583880596,0.19775,0.002421487,5.29559258,R1A,-0.473913134,1.328219715,Daniela Röder
X2003roederS04,S04,south,469,4,control_2003,NA,NA,2003,NA,NA,NA,NA,NA,NA,NA,NA,NA,NA,4,54,29,19,8,8,1,5,10,1,17,2.06704025,0.613857634,0.216166136,0.00306697,5.319332081,R1A,-0.489246371,1.327406259,Daniela Röder
X2003roederS05,S05,south,469,4,control_2003,NA,NA,2003,NA,NA,NA,NA,NA,NA,NA,NA,NA,NA,10,60,26,15,7,7,1,6,8,0,15,2.107519992,0.646856214,0.219985825,0.003666891,5.315706462,R,-0.509949103,1.421531017,Daniela Röder
X2003roederS06,S06,south,469,4,control_2003,NA,NA,2003,NA,NA,NA,NA,NA,NA,NA,NA,NA,NA,1,61,28,16,7,7,1,6,11,0,18,1.817346342,0.545388597,0.214549561,0.002780414,5.340827982,R1A,-0.503000891,1.390359113,Daniela Röder
X2003roederS07,S07,south,469,4,control_2003,NA,NA,2003,NA,NA,NA,NA,NA,NA,NA,NA,NA,NA,5,65,30,18,10,10,1,5,12,0,18,1.934147665,0.568666692,0.190557816,0.001487087,5.307214026,R1A,-0.596716751,1.846451133,Daniela Röder
X2003roederS08,S08,south,469,4,control_2003,NA,NA,2003,NA,NA,NA,NA,NA,NA,NA,NA,NA,NA,4,55,27,9,2,2,1,8,10,0,19,2.047594511,0.621266948,0.189784431,0.00436464,5.25184667,R1A,-0.608206592,1.899739737,Daniela Röder
X2003roederS09,S09,south,469,4,control_2003,NA,NA,2003,NA,NA,NA,NA,NA,NA,NA,NA,NA,NA,15,78,26,15,7,7,0,7,9,0,16,2.063398887,0.633314226,0.22534331,0.002626757,5.293984214,R1A,-0.608672653,1.902171983,Daniela Röder
X2003roederS10,S10,south,469,4,control_2003,NA,NA,2003,NA,NA,NA,NA,NA,NA,NA,NA,NA,NA,4,65,25,12,8,8,1,6,10,0,17,1.952194696,0.606483382,0.205977214,0.002277284,5.284961247,R1A,-0.593672349,1.904003102,Daniela Röder
X2003roederS11,S11,south,469,4,control_2003,NA,NA,2003,NA,NA,NA,NA,NA,NA,NA,NA,NA,NA,0,41,30,16,8,8,1,6,14,0,21,2.357765855,0.693216415,0.225857527,0.015999062,5.323443154,R1A,-0.593759069,1.904612641,Daniela Röder
X2003roederS12,S12,south,469,4,control_2003,NA,NA,2003,NA,NA,NA,NA,NA,NA,NA,NA,NA,NA,2,72,25,14,7,7,1,5,9,0,15,1.953138781,0.606776678,0.205826606,0.002873707,5.242528347,R,-0.593659318,1.904106143,Daniela Röder
X2003roederS13,S13,south,469,4,control_2003,NA,NA,2003,NA,NA,NA,NA,NA,NA,NA,NA,NA,NA,10,60,27,13,7,7,1,6,10,0,17,2.210774387,0.670777856,0.224889803,0.002768093,5.309297434,R1A,-0.504277256,1.560117129,Daniela Röder
X2003roederS14,S14,south,469,4,control_2003,NA,NA,2003,NA,NA,NA,NA,NA,NA,NA,NA,NA,NA,20,60,29,13,7,7,1,6,12,0,19,2.469234429,0.73329893,0.26425853,0.004025512,5.345565402,R1A,-0.503947171,1.558570151,Daniela Röder
X2003roederS15,S15,south,469,4,control_2003,NA,NA,2003,NA,NA,NA,NA,NA,NA,NA,NA,NA,NA,9,69,29,15,7,7,1,6,11,0,18,2.289590387,0.679949284,0.195773734,0.0030917,5.241909357,R1A,-0.503423151,1.556121589,Daniela Röder
X2003roederS16,S16,south,469,4,control_2003,NA,NA,2003,NA,NA,NA,NA,NA,NA,NA,NA,NA,NA,23,94,31,16,6,6,1,6,13,0,20,2.254110655,0.656412072,0.208670799,0.003830515,5.289792936,R1A,-0.503166713,1.554993821,Daniela Röder
X2003roederS17,S17,south,469,4,control_2003,NA,NA,2003,NA,NA,NA,NA,NA,NA,NA,NA,NA,NA,7,47,31,19,9,9,1,5,11,0,17,2.368338004,0.689675838,0.177849656,0.002487119,5.255917746,R1A,-0.503175211,1.554931909,Daniela Röder
X2003roederS18,S18,south,469,4,control_2003,NA,NA,2003,NA,NA,NA,NA,NA,NA,NA,NA,NA,NA,6,36,32,16,7,7,1,7,12,0,20,2.449442167,0.706759613,0.171093685,0.002595203,5.306108874,R1A,-0.50341123,1.555932814,Daniela Röder
X2018roederM01,M01,middle,469,4,control_2018,NA,NA,2018,90,13,NA,NA,NA,NA,NA,NA,NA,NA,14,54,37,22,9,9,1,7,15,0,23,2.6883643,0.744509946,0.246735,0.002852213,5.260433816,R1A,-1.153969913,-1.122140367,Markus Bauer
X2018roederM02,M02,middle,469,4,control_2018,NA,NA,2018,97.5,16,NA,NA,NA,NA,NA,NA,NA,NA,7,57,29,14,4,4,1,5,12,0,18,2.226126486,0.661102142,0.188334891,0.001623151,5.272740051,R1A,-1.142985289,-1.169826494,Markus Bauer
X2018roederM03,M03,middle,469,4,control_2018,NA,NA,2018,97.5,18,NA,NA,NA,NA,NA,NA,NA,NA,23,63,26,12,2,2,1,5,10,0,16,2.213936479,0.679518379,0.24801682,0.002883068,5.316116622,R1A,-1.144200607,-1.133212638,Markus Bauer
X2018roederM04,M04,middle,469,4,control_2018,NA,NA,2018,97.5,17,NA,NA,NA,NA,NA,NA,NA,NA,45,75,28,15,5,5,1,7,9,0,17,2.166097669,0.650049438,0.329118182,0.002358423,5.321465252,R1A,-1.154163579,-1.122840488,Markus Bauer
X2018roederM05,M05,middle,469,4,control_2018,NA,NA,2018,90,20,NA,NA,NA,NA,NA,NA,NA,NA,34,74,32,21,8,8,1,7,11,0,19,2.304342487,0.664892696,0.290716821,0.002108019,5.308625191,R1A,-1.142842993,-1.130444242,Markus Bauer
X2018roederM06,M06,middle,469,4,control_2018,NA,NA,2018,90,14,NA,NA,NA,NA,NA,NA,NA,NA,27,57,37,24,10,10,1,8,14,0,23,2.750861509,0.761817791,0.296968855,0.002130256,5.248336461,R1A,-1.154693262,-1.123892866,Markus Bauer
X2018roederM07,M07,middle,469,4,control_2018,NA,NA,2018,97.5,19,NA,NA,NA,NA,NA,NA,NA,NA,7,49,33,20,4,4,0,3,16,0,19,2.258286898,0.645869302,0.229166667,0.00234798,5.322766089,R1A,-1.143781911,-1.18913335,Markus Bauer
X2018roederM08,M08,middle,469,4,control_2018,NA,NA,2018,97.5,20,NA,NA,NA,NA,NA,NA,NA,NA,26,76,27,15,3,3,1,4,14,0,19,2.270563028,0.688918511,0.271868116,0.002084734,5.318308735,R1A,-1.109411756,-1.143139508,Markus Bauer
X2018roederM09,M09,middle,469,4,control_2018,NA,NA,2018,97.5,15,NA,NA,NA,NA,NA,NA,NA,NA,7,68,34,22,9,9,1,4,17,0,22,2.439285238,0.69172883,0.221794591,0.001703312,5.294520083,R1A,-1.10969435,-1.143685659,Markus Bauer
X2018roederM10,M10,middle,469,4,control_2018,NA,NA,2018,97.5,15,NA,NA,NA,NA,NA,NA,NA,NA,14,55,40,23,11,11,2,8,13,0,23,2.567257114,0.695944974,0.2481875,0.002339593,5.28926991,R1A,-1.131478608,-1.171789744,Markus Bauer
X2018roederM11,M11,middle,469,4,control_2018,NA,NA,2018,90,15,NA,NA,NA,NA,NA,NA,NA,NA,8,48,37,23,10,10,1,6,15,0,22,2.337929796,0.647461353,0.22591055,0.002254701,5.285555499,R1A,-1.132864291,-1.198025168,Markus Bauer
X2018roederM12,M12,middle,469,4,control_2018,NA,NA,2018,90,13,NA,NA,NA,NA,NA,NA,NA,NA,9,41,34,17,4,4,0,6,15,0,21,2.421764317,0.686760273,0.249768041,0.002395078,5.316872862,R1A,-1.132114985,-1.196986769,Markus Bauer
X2018roederM13,M13,middle,469,4,control_2018,NA,NA,2018,97.5,18,NA,NA,NA,NA,NA,NA,NA,NA,5,35,36,16,4,4,1,7,14,0,22,2.400877116,0.669977516,0.232602679,0.002421541,5.314022743,R1A,-1.145587787,-1.191492475,Markus Bauer
X2018roederM14,M14,middle,469,4,control_2018,NA,NA,2018,90,13,NA,NA,NA,NA,NA,NA,NA,NA,6,66,25,12,3,3,0,4,13,0,17,1.82170151,0.565943394,0.185352564,0.003553899,5.272040197,R1A,-1.135295235,-1.201284659,Markus Bauer
X2018roederM15,M15,middle,469,4,control_2018,NA,NA,2018,97.5,14,NA,NA,NA,NA,NA,NA,NA,NA,10,70,34,23,9,9,0,4,15,0,19,2.198190225,0.623359469,0.188661994,0.002255252,5.270016496,R1A,-1.135644618,-1.201726617,Markus Bauer
X2018roederM16,M16,middle,469,4,control_2018,NA,NA,2018,97.5,19,NA,NA,NA,NA,NA,NA,NA,NA,4,45,27,12,3,3,1,5,11,0,17,1.827335374,0.554437446,0.218004274,0.002420295,5.319446277,R1A,-1.135819085,-1.201966218,Markus Bauer
X2018roederM17,M17,middle,469,4,control_2018,NA,NA,2018,90,20,NA,NA,NA,NA,NA,NA,NA,NA,9,49,34,19,8,8,1,8,12,0,21,2.281250115,0.646913468,0.240778037,0.002383169,5.292856,R1A,-1.135680019,-1.201714635,Markus Bauer
X2018roederM18,M18,middle,469,4,control_2018,NA,NA,2018,97.5,20,NA,NA,NA,NA,NA,NA,NA,NA,6,56,32,18,4,4,1,2,14,0,17,1.968538117,0.568000036,0.207658402,0.002210681,5.315116657,R1A,-1.135855659,-1.202084861,Markus Bauer
X2018roederN01,N01,north,469,4,control_2018,NA,NA,2018,97.5,19,NA,NA,NA,NA,NA,NA,NA,NA,7,48,22,13,2,2,0,4,11,0,15,1.677413309,0.542669127,0.239234795,0.002588208,5.30994699,R1A,-0.310843693,0.286827511,Markus Bauer
X2018roederN02,N02,north,469,4,control_2018,NA,NA,2018,97.5,18,NA,NA,NA,NA,NA,NA,NA,NA,18,49,33,23,7,7,0,5,15,0,20,2.366385426,0.676785445,0.275319209,0.002534081,5.329927221,R1A,-0.290296012,0.301006308,Markus Bauer
X2018roederN03,N03,north,469,4,control_2018,NA,NA,2018,90,16,NA,NA,NA,NA,NA,NA,NA,NA,11,62,27,16,3,3,0,5,13,0,18,2.279773237,0.691713009,0.237975078,0.002271923,5.263644977,R1A,-0.290399321,0.300976112,Markus Bauer
X2018roederN04,N04,north,469,4,control_2018,NA,NA,2018,90,20,NA,NA,NA,NA,NA,NA,NA,NA,68,78,23,13,1,1,0,4,14,0,18,1.800515502,0.574236589,0.430073529,0.002456897,5.389212029,R1A,-0.290484914,0.300942845,Markus Bauer
X2018roederN05,N05,north,469,4,control_2018,NA,NA,2018,97.5,22,NA,NA,NA,NA,NA,NA,NA,NA,10,60,20,13,3,3,0,4,10,0,14,1.828288927,0.610297837,0.246196697,0.002270868,5.278946993,R1A,-0.294295857,0.304383102,Markus Bauer
X2018roederN06,N06,north,469,4,control_2018,NA,NA,2018,90,17,NA,NA,NA,NA,NA,NA,NA,NA,34,74,20,15,4,4,0,3,8,0,11,2.229300086,0.744158651,0.292575163,0.002043219,5.230311608,R1A,-0.294338336,0.304303702,Markus Bauer
X2018roederS01,S01,south,469,4,control_2018,NA,NA,2018,97.5,21,NA,NA,NA,NA,NA,NA,NA,NA,24,46,32,13,3,3,0,9,13,0,22,2.5661058,0.740421622,0.268613506,0.002470202,5.284790251,R1A,-0.487345033,1.318334844,Markus Bauer
X2018roederS02,S02,south,469,4,control_2018,NA,NA,2018,90,19,NA,NA,NA,NA,NA,NA,NA,NA,27,49,34,15,4,4,0,9,12,0,21,2.72946727,0.774018212,0.306227124,0.002447723,5.31342402,R1A,-0.488211067,1.321986284,Markus Bauer
X2018roederS03,S03,south,469,4,control_2018,NA,NA,2018,80,14,NA,NA,NA,NA,NA,NA,NA,NA,14,44,18,7,0,0,0,6,8,0,14,2.008101204,0.694755337,0.243308017,0.00333227,5.302339902,R1A,-0.473913134,1.328219715,Markus Bauer
X2018roederS04,S04,south,469,4,control_2018,NA,NA,2018,97.5,20,NA,NA,NA,NA,NA,NA,NA,NA,8,50,34,21,9,9,0,6,11,0,17,2.206008273,0.625576499,0.235902966,0.002472717,5.312081173,R1A,-0.489246371,1.327406259,Markus Bauer
X2018roederS05,S05,south,469,4,control_2018,NA,NA,2018,97.5,17,NA,NA,NA,NA,NA,NA,NA,NA,15,49,34,15,5,5,1,7,12,0,20,2.647124756,0.750667647,0.276079167,0.002361082,5.3080739,R1A,-0.509949103,1.421531017,Markus Bauer
X2018roederS06,S06,south,469,4,control_2018,NA,NA,2018,97.5,19,NA,NA,NA,NA,NA,NA,NA,NA,8,48,34,17,9,9,1,7,12,0,20,2.629304542,0.745614217,0.245165966,0.002326134,5.275798577,R,-0.503000891,1.390359113,Markus Bauer
X2018roederS07,S07,south,469,4,control_2018,NA,NA,2018,97.5,17,NA,NA,NA,NA,NA,NA,NA,NA,14,44,37,20,10,10,1,4,15,1,21,2.635493591,0.729868043,0.269670032,0.001921395,5.27519053,R1A,-0.596716751,1.846451133,Markus Bauer
X2018roederS08,S08,south,469,4,control_2018,NA,NA,2018,97.5,16,NA,NA,NA,NA,NA,NA,NA,NA,14,45,30,13,3,3,0,6,14,0,20,2.641297943,0.776578847,0.282864686,0.002384534,5.280332502,R1A,-0.608206592,1.899739737,Markus Bauer
X2018roederS09,S09,south,469,4,control_2018,NA,NA,2018,90,19,NA,NA,NA,NA,NA,NA,NA,NA,26,58,36,19,5,5,0,6,16,0,22,2.727174584,0.761032558,0.313535621,0.002299375,5.312701501,R1A,-0.608672653,1.902171983,Markus Bauer
X2018roederS10,S10,south,469,4,control_2018,NA,NA,2018,90,15,NA,NA,NA,NA,NA,NA,NA,NA,9,49,29,13,2,2,0,5,15,0,20,2.48586717,0.738238425,0.241272401,0.002843825,5.240796975,R1A,-0.593672349,1.904003102,Markus Bauer
X2018roederS11,S11,south,469,4,control_2018,NA,NA,2018,90,19,NA,NA,NA,NA,NA,NA,NA,NA,34,55,32,18,8,8,0,7,14,0,21,2.531370399,0.730399104,0.343240686,0.003514204,5.306717794,R1A,-0.593759069,1.904612641,Markus Bauer
X2018roederS12,S12,south,469,4,control_2018,NA,NA,2018,97.5,18,NA,NA,NA,NA,NA,NA,NA,NA,25,55,27,14,3,3,0,5,15,0,20,2.250078,0.682703086,0.301487988,0.025747954,5.432920986,R1A,-0.593659318,1.904106143,Markus Bauer
X2018roederS13,S13,south,469,4,control_2018,NA,NA,2018,97.5,19,NA,NA,NA,NA,NA,NA,NA,NA,19,59,29,18,4,4,0,7,13,0,20,2.360497619,0.701006902,0.244795238,0.002147673,5.266200168,R1A,-0.504277256,1.560117129,Markus Bauer
X2018roederS14,S14,south,469,4,control_2018,NA,NA,2018,97.5,14,NA,NA,NA,NA,NA,NA,NA,NA,7,47,33,20,8,8,1,6,15,0,22,2.57985979,0.737839042,0.174770216,0.004689053,5.203330205,R1A,-0.503947171,1.558570151,Markus Bauer
X2018roederS15,S15,south,469,4,control_2018,NA,NA,2018,90,20,NA,NA,NA,NA,NA,NA,NA,NA,28,69,36,19,7,7,1,6,15,1,23,2.506420823,0.699430048,0.256809295,0.003748942,5.27720238,R1A,-0.503423151,1.556121589,Markus Bauer
X2018roederS16,S16,south,469,4,control_2018,NA,NA,2018,97.5,20,NA,NA,NA,NA,NA,NA,NA,NA,8,58,29,12,1,1,0,5,13,0,18,2.331237078,0.692317276,0.229662242,0.010470747,5.235217931,R1A,-0.503166713,1.554993821,Markus Bauer
X2018roederS17,S17,south,469,4,control_2018,NA,NA,2018,90,20,NA,NA,NA,NA,NA,NA,NA,NA,24,74,24,14,4,4,0,3,12,0,15,2.014152216,0.633769069,0.24023569,0.002284313,5.224864441,R1A,-0.503175211,1.554931909,Markus Bauer
X2018roederS18,S18,south,469,4,control_2018,NA,NA,2018,90,17,NA,NA,NA,NA,NA,NA,NA,NA,16,46,25,13,1,1,0,3,13,1,17,2.476641209,0.769411852,0.228573129,0.01196256,5.232841829,R1A,-0.50341123,1.555932814,Markus Bauer
X2021tum01,tum01,south,469,4,control_2021,NA,2021-06-19,2021,70,20,NA,NA,NA,NA,NA,NA,NA,NA,18.5,39,35,20,4,4,0,8,13,0,21,2.703652787,0.760446724,0.241055691,0.002812249,5.185866696,R1A,-0.458657067,1.384383352,Markus Bauer
X2021tum02,tum02,south,469,4,control_2021,NA,2021-06-19,2021,80,25,NA,NA,NA,NA,NA,NA,NA,NA,32,52,30,15,1,1,0,5,15,1,21,2.445160634,0.718911713,0.302501812,0.002527276,5.219374194,R1A,-0.353943902,0.879839194,Markus Bauer
X2021tum03,tum03,south,469,4,control_2021,NA,2021-06-19,2021,70,15,NA,NA,NA,NA,NA,NA,NA,NA,8.5,38.5,31,17,3,3,0,5,13,0,18,2.17593746,0.633647515,0.178540974,0.012003676,5.310532001,R1A,-0.466886136,1.421312211,Markus Bauer
X2021tum04,tum04,south,469,4,control_2021,NA,2021-06-16,2021,70,20,NA,NA,NA,NA,NA,NA,NA,NA,41,61.5,24,11,1,1,0,3,10,1,14,2.005520565,0.631053051,0.368202618,0.003617525,5.314317194,R22,-0.537522088,1.698307432,Markus Bauer
X2021tum05,tum05,south,469,4,control_2021,NA,2021-06-16,2021,80,25,NA,NA,NA,NA,NA,NA,NA,NA,55,65,22,10,0,0,0,6,12,0,18,2.168816365,0.701645609,0.405603933,0.006605583,5.321881308,R1A,-0.361979824,0.919402024,Markus Bauer
X2021tum06,tum06,south,469,4,control_2021,NA,2021-06-16,2021,70,10,NA,NA,NA,NA,NA,NA,NA,NA,17,47.5,39,14,1,1,1,10,15,0,26,2.55788653,0.698196667,0.225523274,0.006827341,5.248129447,R1A,-0.584165439,1.896228133,Markus Bauer
X2021tum07,tum07,south,469,4,control_2021,NA,2021-06-16,2021,70,20,NA,NA,NA,NA,NA,NA,NA,NA,17,57.5,36,16,2,2,0,8,14,0,22,2.438942176,0.680599773,0.243273366,0.002543433,5.258298761,R1A,-0.588800621,1.914555833,Markus Bauer
X2021tum08,tum08,south,469,4,control_2021,NA,2021-06-16,2021,70,15,NA,NA,NA,NA,NA,NA,NA,NA,27.5,57.5,38,21,7,7,1,8,17,0,26,2.371367174,0.651906806,0.289702667,0.003250933,5.293181461,R1A,-0.599346185,1.894966415,Markus Bauer
X2021tum09,tum09,south,469,4,control_2021,NA,2021-06-16,2021,70,15,NA,NA,NA,NA,NA,NA,NA,NA,7.5,38,44,24,8,8,1,9,14,0,24,2.604880282,0.688358812,0.19355311,0.002247826,5.177696799,R1A,-0.60757836,1.926522259,Markus Bauer
X2021tum10,tum10,south,469,4,control_2021,NA,2021-06-16,2021,60,10,NA,NA,NA,NA,NA,NA,NA,NA,7.5,17.5,34,16,6,6,0,7,15,0,22,2.639741258,0.748573845,0.214928998,0.005152381,5.170538996,R1A,-0.606814717,1.922965538,Markus Bauer
X2021tum11,tum11,south,469,4,control_2021,NA,2021-06-15,2021,80,25,NA,NA,NA,NA,NA,NA,NA,NA,51.5,61.5,28,17,4,3,0,3,9,0,12,2.302874335,0.691096338,0.316092252,0.001593307,5.253780629,R1A,-0.553217441,1.62527071,Markus Bauer
X2021tum12,tum12,south,469,4,control_2021,NA,2021-06-16,2021,70,20,NA,NA,NA,NA,NA,NA,NA,NA,9.5,60,33,17,2,2,0,7,12,1,20,2.231974707,0.638344024,0.213996012,0.002282846,5.262445195,R1A,-0.474570382,1.330886191,Markus Bauer
X2021tum13,tum13,south,469,4,control_2021,NA,2021-06-16,2021,70,15,NA,NA,NA,NA,NA,NA,NA,NA,15.5,46,41,23,7,7,1,8,16,0,25,2.481742109,0.668289739,0.255547847,0.003049309,5.289863695,R1A,-0.630496922,1.850447479,Markus Bauer
X2021tum14,tum14,south,469,4,control_2021,NA,2021-06-16,2021,70,15,NA,NA,NA,NA,NA,NA,NA,NA,9.5,40,34,22,8,8,1,5,12,0,18,2.389042767,0.677481145,0.244707357,0.003092139,5.227075348,R,-0.53843817,1.559637795,Markus Bauer
X2021tum15,tum15,south,469,4,control_2021,NA,2021-06-15,2021,70,15,NA,NA,NA,NA,NA,NA,NA,NA,45.5,65.5,26,15,3,3,0,5,11,0,16,2.010522797,0.617085091,0.313279996,0.002232547,5.195756459,R1A,-0.529666768,1.525533416,Markus Bauer
X2021tum17,tum17,south,469,4,control_2021,NA,2021-06-15,2021,70,15,NA,NA,NA,NA,NA,NA,NA,NA,9.5,39.5,40,21,7,7,1,8,17,0,26,2.591225526,0.702442451,0.256603105,0.005308431,5.288608794,R1A,-0.650014401,1.855388559,Markus Bauer
X2021tum19,tum19,south,469,4,control_2021,NA,2021-06-15,2021,70,25,NA,NA,NA,NA,NA,NA,NA,NA,37,47,32,18,3,3,0,4,16,0,20,2.418136293,0.697726648,0.410627686,0.004793865,5.3930418,R1A,-0.563964316,1.665970789,Markus Bauer
X2021tum20,tum20,south,469,4,control_2021,NA,2021-06-19,2021,80,30,NA,NA,NA,NA,NA,NA,NA,NA,7.5,42,34,17,3,3,0,7,16,0,23,2.441264248,0.692290034,0.263560115,0.002591353,5.331642334,R1A,-0.55893143,1.397189306,Markus Bauer
X2021tum21,tum21,south,469,4,control_2021,NA,2021-06-19,2021,70,15,NA,NA,NA,NA,NA,NA,NA,NA,16,36.5,37,22,3,3,0,6,17,0,23,2.736634324,0.757877745,0.279399959,0.003768861,5.277438043,R1A,-0.803658693,1.532320807,Markus Bauer
X2021tum23,tum23,south,469,4,control_2021,NA,2021-06-19,2021,70,15,NA,NA,NA,NA,NA,NA,NA,NA,15.5,48,36,16,2,2,1,8,15,0,24,2.52230371,0.703862252,0.257917749,0.002778212,5.276061307,R1A,-0.829477836,1.48004512,Markus Bauer
X2021tum27,tum27,middle,469,4,control_2021,NA,2021-06-22,2021,80,20,NA,NA,NA,NA,NA,NA,NA,NA,21,41,31,11,2,2,1,7,12,0,20,2.238144137,0.651762515,0.305721239,0.022434469,5.430356367,R1A,-0.817177774,0.554162513,Markus Bauer
X2021tum28,tum28,middle,469,4,control_2021,NA,2021-06-22,2021,80,20,NA,NA,NA,NA,NA,NA,NA,NA,22,42,28,15,6,6,0,8,10,0,18,2.365662268,0.709939099,0.317319712,0.003300734,5.323466891,R1A,0.957296888,0.021836018,Markus Bauer
X2021tum29,tum29,middle,469,4,control_2021,NA,2021-06-22,2021,70,15,NA,NA,NA,NA,NA,NA,NA,NA,5.6,26.1,39,14,3,3,1,8,15,0,24,2.506276546,0.684109287,0.213698605,0.002371181,5.257641769,R1A,-1.217931547,-0.159541081,Markus Bauer
X2021tum30,tum30,middle,469,4,control_2021,NA,2021-06-22,2021,60,15,NA,NA,NA,NA,NA,NA,NA,NA,11.6,34.1,40,21,9,9,1,7,16,0,24,2.700760867,0.732135842,0.248365838,0.00219974,5.276743,R1A,-1.108453137,-0.482931967,Markus Bauer
X2021tum31,tum31,middle,469,4,control_2021,NA,2021-06-22,2021,70,15,NA,NA,NA,NA,NA,NA,NA,NA,15,35.5,34,20,6,6,1,5,10,1,17,2.657545829,0.753622839,0.227537312,0.002677036,5.229242143,R1A,-1.133954714,-0.797934009,Markus Bauer
X2021tum32,tum32,middle,469,4,control_2021,NA,2021-06-22,2021,70,15,NA,NA,NA,NA,NA,NA,NA,NA,12.1,22.1,40,25,7,7,1,6,15,0,22,2.758333149,0.747742826,0.275840984,0.002763573,5.348328553,R1A,-1.137017066,-1.010322654,Markus Bauer
X2021tum33,tum33,middle,469,4,control_2021,NA,2021-06-22,2021,70,15,NA,NA,NA,NA,NA,NA,NA,NA,5.5,36.5,35,22,7,7,1,6,12,0,19,2.26786758,0.637874982,0.202613948,0.003921056,5.25071936,R1A,-1.146788988,-1.074052181,Markus Bauer
X2021tum34,tum34,middle,469,4,control_2021,NA,2021-06-22,2021,70,20,NA,NA,NA,NA,NA,NA,NA,NA,23.1,43.1,24,9,1,1,1,4,10,0,15,2.130195982,0.670283166,0.273976757,0.002686071,5.291527626,R1A,-0.998081734,-0.993156567,Markus Bauer
X2021tum35,tum35,middle,469,4,control_2021,NA,2021-06-22,2021,80,20,NA,NA,NA,NA,NA,NA,NA,NA,22.5,55,39,20,7,7,1,8,15,1,25,2.453728793,0.669765935,0.283246173,0.002213008,5.288029352,R,-1.062044606,-1.087498921,Markus Bauer
X2021tum36,tum36,middle,469,4,control_2021,NA,2021-06-23,2021,70,10,NA,NA,NA,NA,NA,NA,NA,NA,8.1,38.6,41,25,7,7,1,7,18,1,27,2.734284181,0.736294902,0.253638694,0.002064931,5.289068306,R,-1.078385802,-1.112413818,Markus Bauer
X2021tum37,tum37,middle,469,4,control_2021,NA,2021-06-22,2021,70,20,NA,NA,NA,NA,NA,NA,NA,NA,23,43,33,13,0,0,1,10,12,0,23,2.513816862,0.718950787,0.293931951,0.003497643,5.28730435,R1A,-1.154704408,-1.123885378,Markus Bauer
X2021tum38,tum38,middle,469,4,control_2021,NA,2021-06-23,2021,80,20,NA,NA,NA,NA,NA,NA,NA,NA,8.5,49,37,21,8,8,1,8,14,2,25,2.354857252,0.652149207,0.24894952,0.002216367,5.314565126,R,-1.082659118,-1.119321196,Markus Bauer
X2021tum39,tum39,middle,469,4,control_2021,NA,2021-06-23,2021,70,15,NA,NA,NA,NA,NA,NA,NA,NA,2.1,22.6,36,15,1,1,1,8,13,0,22,2.146767943,0.599067001,0.205420272,0.003129946,5.314924361,R,-1.135821292,-1.201985544,Markus Bauer
X2021tum40,tum40,middle,469,4,control_2021,NA,2021-06-23,2021,70,15,NA,NA,NA,NA,NA,NA,NA,NA,5,39.5,32,13,2,2,1,4,13,0,18,2.387589947,0.688912835,0.213111111,0.002290014,5.275535984,R,-1.145003522,-1.190722533,Markus Bauer
X2021tum41,tum41,middle,469,4,control_2021,NA,2021-06-23,2021,70,20,NA,NA,NA,NA,NA,NA,NA,NA,8.5,48.5,33,18,2,2,1,4,15,0,20,2.336445398,0.668222607,0.25145679,0.00198798,5.288955993,R,-1.108534856,-1.141877343,Markus Bauer
X2021tum42,tum42,middle,469,4,control_2021,NA,2021-06-23,2021,60,15,NA,NA,NA,NA,NA,NA,NA,NA,3.6,34.1,39,17,3,3,1,8,14,0,23,2.346689236,0.640548587,0.203484516,0.003074333,5.257816626,R,-1.138785244,-1.199918963,Markus Bauer
X2021tum43,tum43,middle,469,4,control_2021,NA,2021-06-17,2021,70,20,NA,NA,NA,NA,NA,NA,NA,NA,9.1,33.6,37,16,2,2,0,6,13,2,21,2.50274056,0.693103699,0.244983864,0.023108479,5.409535822,R,-1.135075379,-1.201156775,Markus Bauer
X2021tum44,tum44,middle,469,4,control_2021,NA,2021-06-23,2021,60,20,NA,NA,NA,NA,NA,NA,NA,NA,2.6,23.1,34,17,3,3,1,8,9,0,18,2.295337812,0.650908436,0.234466332,0.002458954,5.298715405,R,-0.974343799,-0.938941098,Markus Bauer
X2021tum45,tum45,middle,469,4,control_2021,NA,2021-06-23,2021,70,15,NA,NA,NA,NA,NA,NA,NA,NA,3,25,32,13,3,3,2,6,12,0,20,2.317518644,0.668694531,0.217742339,0.003568799,5.306992598,R,-1.134684807,-1.200787564,Markus Bauer
X2021tum46,tum46,middle,469,4,control_2021,NA,2021-06-17,2021,70,15,NA,NA,NA,NA,NA,NA,NA,NA,17.5,39.5,33,14,2,2,1,7,16,0,24,2.571667077,0.735495929,0.259963439,0.002101614,5.285428076,R,-1.136180375,-1.193978416,Markus Bauer
X2021tum47,tum47,middle,469,4,control_2021,NA,2021-06-17,2021,70,20,NA,NA,NA,NA,NA,NA,NA,NA,5.1,35.6,47,25,8,8,1,10,17,2,30,2.477674028,0.643527024,0.206956909,0.002093397,5.274648015,R,-1.144583895,-1.192615145,Markus Bauer
X2021tum48,tum48,middle,469,4,control_2021,NA,2021-06-17,2021,70,20,NA,NA,NA,NA,NA,NA,NA,NA,5,25.5,33,16,3,3,0,6,13,1,20,2.419793014,0.692059997,0.253428826,0.024459557,5.433908172,R,-1.117085617,-1.162269313,Markus Bauer
X2021tum49,tum49,middle,469,4,control_2021,NA,2021-06-23,2021,70,15,NA,NA,NA,NA,NA,NA,NA,NA,15,45.5,29,15,3,3,1,7,6,0,14,2.302966832,0.683921743,0.229919339,0.002082049,5.229994392,R,-1.039973274,-1.043009778,Markus Bauer
X2021tum50,tum50,middle,469,4,control_2021,NA,2021-06-17,2021,70,20,NA,NA,NA,NA,NA,NA,NA,NA,5.5,36,40,18,2,2,1,7,14,2,24,2.479809151,0.67223914,0.196639981,0.001872539,5.259222195,R,-1.113344651,-1.176388024,Markus Bauer
X2021tum51,tum51,middle,469,4,control_2021,NA,2021-06-17,2021,60,15,NA,NA,NA,NA,NA,NA,NA,NA,7,27.5,40,17,2,2,1,7,14,1,23,2.63820781,0.715178645,0.220268491,0.014633759,5.367736544,R1A,-1.099587354,-1.155122347,Markus Bauer
X2021tum52,tum52,middle,469,4,control_2021,NA,2021-06-17,2021,70,20,NA,NA,NA,NA,NA,NA,NA,NA,14,44.5,30,10,1,1,1,4,11,1,17,2.176968703,0.640059502,0.250583078,0.002168048,5.29722614,R1A,-1.108725656,-1.176261072,Markus Bauer
X2021tum53,tum53,middle,469,4,control_2021,NA,2021-06-17,2021,60,20,NA,NA,NA,NA,NA,NA,NA,NA,8.5,39.5,36,18,2,2,1,7,17,0,25,2.527471603,0.70530438,0.235652589,0.001775487,5.257255149,R1A,-1.082059613,-1.134689968,Markus Bauer
X2021tum54,tum54,middle,469,4,control_2021,NA,2021-06-23,2021,70,15,NA,NA,NA,NA,NA,NA,NA,NA,4.5,35,41,19,1,1,1,9,20,0,30,2.408942784,0.648686155,0.2321241,0.00244984,5.283837852,R1A,-0.894827172,-0.825798367,Markus Bauer
X2021tum55,tum55,middle,469,4,control_2021,NA,2021-06-23,2021,70,10,NA,NA,NA,NA,NA,NA,NA,NA,3.6,24.6,33,9,0,0,1,9,12,0,22,2.485600817,0.710881007,0.163155415,0.001735227,5.199386451,R1A,-0.372077852,-0.004446254,Markus Bauer
X2021tum56,tum56,middle,469,4,control_2021,NA,2021-06-23,2021,70,15,NA,NA,NA,NA,NA,NA,NA,NA,6.5,37,39,22,7,7,1,10,11,0,22,2.583235724,0.705115943,0.181849961,0.00191853,5.238425279,R1A,-0.371867659,-0.003823938,Markus Bauer
X2021tum57,tum57,middle,469,4,control_2021,NA,2021-06-18,2021,70,15,NA,NA,NA,NA,NA,NA,NA,NA,23,43.5,33,22,7,7,0,8,14,0,22,2.603011555,0.744460439,0.271771669,0.002370013,5.214891226,R1A,-1.064951613,-1.059234998,Markus Bauer
X2021tum58,tum58,middle,469,4,control_2021,NA,2021-06-18,2021,70,10,NA,NA,NA,NA,NA,NA,NA,NA,7.5,29.5,37,16,1,1,1,9,14,0,24,2.739286808,0.758612318,0.19102912,0.003572341,5.157175543,R1A,-0.814259659,-0.552924084,Markus Bauer
X2021tum59,tum59,middle,469,4,control_2021,NA,2021-06-18,2021,60,15,NA,NA,NA,NA,NA,NA,NA,NA,10.5,31,27,13,2,2,1,4,13,1,19,2.266401054,0.687655714,0.276515931,0.002734637,5.314673338,R1A,-0.433715572,0.080878426,Markus Bauer
X2021tum60,tum60,middle,469,4,control_2021,NA,2021-06-18,2021,70,15,NA,NA,NA,NA,NA,NA,NA,NA,9,39.5,33,14,0,0,1,7,16,0,24,2.239311988,0.640442484,0.234539692,0.004535716,5.306213372,R1A,-0.300638354,0.144681208,Markus Bauer
X2021tum61,tum61,middle,469,4,control_2021,NA,2021-06-18,2021,70,15,NA,NA,NA,NA,NA,NA,NA,NA,14.6,35.1,33,13,2,2,1,10,9,0,20,2.385187822,0.682162924,0.26319535,0.002585763,5.254199098,R,-0.306740609,0.191005412,Markus Bauer
X2021tum62,tum62,north,469,4,control_2021,NA,2021-06-18,2021,70,15,NA,NA,NA,NA,NA,NA,NA,NA,10.1,40.1,34,15,2,2,1,7,15,0,23,2.097344933,0.594761913,0.254430408,0.002598473,5.302021002,R,-0.31082818,0.286842654,Markus Bauer
X2021tum63,tum63,north,469,4,control_2021,NA,2021-06-18,2021,70,20,NA,NA,NA,NA,NA,NA,NA,NA,21.5,41.5,22,12,3,3,0,6,8,0,14,2.043696348,0.66116735,0.321204955,0.003196342,5.334017249,R1A,-0.294193224,0.304363898,Markus Bauer
X2021tum64,tum64,north,469,4,control_2021,NA,2021-06-18,2021,70,20,NA,NA,NA,NA,NA,NA,NA,NA,15.5,35.5,31,18,2,2,0,6,14,0,20,2.392785519,0.696795118,0.282607957,0.002643801,5.326534167,R,-0.280291111,0.31105386,Markus Bauer
X2021tum65,tum65,north,469,4,control_2021,NA,2021-06-18,2021,70,20,NA,NA,NA,NA,NA,NA,NA,NA,11,33,31,17,2,2,0,5,12,0,17,2.437636608,0.709856054,0.243895349,0.002471552,5.29427045,R1A,-0.280034106,0.310731328,Markus Bauer
X2021tum66,tum66,north,469,4,control_2021,NA,2021-06-17,2021,80,25,NA,NA,NA,NA,NA,NA,NA,NA,29,63,36,24,9,9,0,6,15,0,21,2.444324915,0.682101855,0.304222411,0.002215181,5.311678645,R,-0.27413215,0.308273503,Markus Bauer
X2021tum67,tum67,north,469,4,control_2021,NA,2021-06-18,2021,70,20,NA,NA,NA,NA,NA,NA,NA,NA,33.5,53.5,32,25,9,9,0,5,12,0,17,2.373701402,0.684905448,0.308837161,0.002806192,5.199222922,R1A,-0.274132162,0.308271374,Markus Bauer
X2021tum68,tum68,middle,469,4,control_2021,NA,2021-07-21,2021,90,20,NA,NA,NA,NA,NA,NA,NA,NA,46.5,50.5,24,12,1,1,0,7,11,0,18,2.22603373,0.700439278,0.375058932,0.002591186,5.336182047,R1A,-1.082044804,-1.118634328,Markus Bauer
X2024res01,res01,NA,469,4,topsoil_removal,2000,2024-06-08,2024,35,12,520E,520E,no,no,NA,NA,NA,7,0,0,23,12,6,6,1,6,6,0,13,2.453792836,0.782585668,0.29265625,0.002666911,5.175089767,R1A,1.220839406,-0.264365706,Malte Knoeppler / Sina Appeltauer
X2024res02,res02,NA,469,4,topsoil_removal,1990,2024-06-08,2024,30,7,520E,520E,no,no,NA,NA,NA,20,0.5,1,22,16,8,8,1,6,8,0,15,2.775975553,0.898070989,0.261394841,0.002154925,5.1329569,R1A,1.220839406,-0.264365706,Malte Knoeppler / Sina Appeltauer
X2024res03,res03,NA,469,4,topsoil_removal,2000,2024-06-08,2024,50,6,520E,520E,no,no,NA,NA,NA,10,0.5,1,24,10,2,2,2,7,9,0,18,2.052067493,0.645699413,0.199914678,0.001624065,5.115035148,R1A,1.220839406,-0.264365706,Malte Knoeppler / Sina Appeltauer
X2024res04,res04,NA,469,4,cut_summer,1990,2024-06-06,2024,70,35,520D,520D,1993,summer,2008,NA,NA,1,33.1,33.1,31,26,16,15,0,2,5,0,7,2.702253108,0.786914146,0.435104454,0.003667436,5.356304344,R1A,1.220839406,-0.264365706,Maren Teschauer / Sina Appeltauer / Malte Knoeppler
X2024res05,res05,NA,469,4,cut_summer,1990,2024-06-10,2024,90,45,520D,520D,1993,summer,2008,NA,NA,5,36.5,36.5,30,18,9,7,0,2,6,0,8,2.731757156,0.803175132,0.529738313,0.003750258,5.40158249,R1A,1.220839406,-0.264365706,Maren Teschauer / Sina Appeltauer
X2024res06,res06,NA,469,4,cut_summer,1990,2024-06-10,2024,50,39,520D,520D,1993,summer,2008,NA,NA,3,30,30,25,17,9,8,0,2,5,0,7,2.370158146,0.736331028,0.491437811,0.003782936,5.339531385,R1A,1.220839406,-0.264365706,Maren Teschauer
X2024res07,res07,NA,469,4,cut_summer,1990,2024-06-10,2024,60,48,520D,520D,1993,summer,2008,NA,NA,7,37.5,37.5,29,22,14,12,0,2,8,0,10,2.644018016,0.785205147,0.448610312,0.003369741,5.294105833,R1A,1.220839406,-0.264365706,Sina Appeltauer
X2024res08,res08,NA,469,4,cut_summer,1990,2024-06-10,2024,60,42,520D,520D,1993,summer,2008,NA,NA,3,34,34,34,25,15,14,0,2,6,0,8,2.780278175,0.788427092,0.450465278,0.003553718,5.345261301,R1A,1.220839406,-0.264365706,Maren Teschauer / Sina Appeltauer
X2024res09,res09,NA,469,4,cut_summer,2000,2024-06-10,2024,55,37,520/1B,520/1B,2004,summer,2009,NA,NA,5,22.5,22.5,36,27,15,14,0,4,8,0,12,3.022462109,0.843434111,0.523944444,0.003381354,5.358644771,R1A,1.220839406,-0.264365706,Maren Teschauer / Sina Appeltauer
X2024res10,res10,NA,469,4,cut_summer,2000,2024-06-06,2024,60,30,520/1B,520/1B,2004,summer,2010,NA,NA,2,15.5,16.1,37,28,15,14,0,3,8,0,11,2.954151025,0.818116362,0.439461516,0.003695669,5.369579831,R1A,1.220839406,-0.264365706,Maren Teschauer / Sina Appeltauer / Malte Knoeppler
X2024res11,res11,NA,469,4,cut_summer,2000,2024-06-10,2024,55,31,520/1B,520/1B,2004,summer,2011,NA,NA,3,33.5,33.5,22,19,11,10,0,3,4,0,7,2.108059474,0.681989816,0.481136165,0.003260563,5.324420695,R,1.220839406,-0.264365706,Maren Teschauer
X2024res12,res12,NA,469,4,topsoil_removal,2000,2024-06-06,2024,25,5,520/1A,520/1A,no,no,NA,NA,NA,70,0,10,22,9,0,0,1,5,8,0,14,2.418607353,0.782456854,0.166723164,0.00146958,5.156422313,R1A,1.220839406,-0.264365706,Maren Teschauer / Sina Appeltauer / Malte Knoeppler
X2024res13,res13,NA,469,4,topsoil_removal,2000,2024-06-08,2024,30,11,520/1A,520/1A,no,no,NA,NA,NA,20,0.5,2.5,18,8,1,1,0,4,8,0,12,2.263990521,0.783286965,0.266036111,0.002080986,5.151523409,R,1.220839406,-0.264365706,Sina Appeltauer / Malte Knoeppler
X2024res14,res14,NA,469,4,topsoil_removal,2000,2024-06-08,2024,35,9,520/1A,520/1A,no,no,NA,NA,NA,40,0.5,3,25,8,1,1,1,5,11,0,17,2.844535938,0.883704775,0.248534014,0.003453527,5.279074603,R1A,1.220839406,-0.264365706,Sina Appeltauer / Malte Knoeppler
X2024res15,res15,NA,469,4,topsoil_removal,2000,2024-06-08,2024,25,9,520/1A,520/1A,no,no,NA,NA,NA,65,1,1,17,7,2,2,1,2,6,0,9,2.411960627,0.851316274,0.342888889,0.002466724,5.221027834,R,1.220839406,-0.264365706,Malte Knoeppler / Sina Appeltauer
X2024res16,res16,NA,469,4,topsoil_removal,2000,2024-06-08,2024,45,17,520/1A,520/1A,no,no,NA,NA,NA,4,1.5,4,32,21,9,9,2,7,10,0,19,2.991714122,0.863226225,0.334003165,0.002178804,5.154400749,R1A,1.220839406,-0.264365706,Malte Knoeppler / Sina Appeltauer
X2024res17,res17,NA,469,4,topsoil_removal,2000,2024-06-08,2024,15,2,520/1A,520/1A,no,no,NA,NA,NA,80,0,2.5,19,12,8,8,1,4,6,0,11,2.710893253,0.920682436,0.263085784,0.001448091,5.181551989,R1A,1.220839406,-0.264365706,Malte Knoeppler / Sina Appeltauer
X2024res18,res18,NA,469,4,topsoil_removal,2000,2024-06-08,2024,25,9,520/1A,520/1A,no,no,NA,NA,NA,10,0.5,1,20,7,1,1,1,5,8,0,14,2.600581581,0.868095458,0.296577236,0.00139977,5.220139185,R1A,1.220839406,-0.264365706,Malte Knoeppler / Sina Appeltauer
X2024res19,res19,NA,469,4,topsoil_removal,2000,2024-06-08,2024,20,4,519B,519B,no,no,NA,NA,NA,70,0,2,21,6,1,1,1,6,8,0,15,2.587737259,0.849964916,0.276182692,0.002036122,5.067922852,R1A,1.220839406,-0.264365706,Malte Knoeppler / Sina Appeltauer
X2024res20,res20,NA,469,4,topsoil_removal,2000,2024-06-08,2024,20,3,519B,519B,no,no,NA,NA,NA,35,0.1,2.1,27,12,9,8,1,5,8,0,14,2.494443673,0.756846827,0.211640181,0.001463671,5.172880348,R1A,1.220839406,-0.264365706,Malte Knoeppler / Sina Appeltauer
X2024res21,res21,NA,469,4,topsoil_removal,2000,2024-06-08,2024,40,12,519B,519B,no,no,NA,NA,NA,45,0,2,20,14,7,7,1,3,6,0,10,2.176452426,0.726517668,0.254539063,0.002032322,5.183486083,R1A,1.220839406,-0.264365706,Malte Knoeppler / Sina Appeltauer
X2024res22,res22,NA,469,4,cut_summer,2000,2024-06-12,2024,40,27,515,515+517+518,2008,summer,2017,autumn,2012,3,35.5,35.5,18,17,9,9,0,1,3,0,4,1.845987933,0.638667994,0.460069288,0.003805758,5.252175237,R,1.220839406,-0.264365706,Sina Appeltauer
X2024res23,res23,NA,469,4,cut_summer,2000,2024-06-12,2024,45,32,515,515+517+518,2008,summer,2017,autumn,2012,5,48.5,49,16,11,4,4,0,2,2,0,4,1.65566768,0.597155888,0.485982704,0.004406606,5.266176159,R1A,1.220839406,-0.264365706,Sina Appeltauer
X2024res24,res24,NA,469,4,cut_summer,2000,2024-06-12,2024,55,30,515,515+517+518,2008,summer,2017,autumn,2012,10,41.5,41.5,24,22,12,11,0,2,7,0,9,2.021794431,0.636173752,0.460211502,0.003503096,5.356846306,R1A,1.220839406,-0.264365706,Malte Knoeppler
X2024res25,res25,NA,469,4,cut_summer,2000,2024-06-12,2024,55,0,518,515+517+518,2008,summer,2017,autumn,2012,7,51,51,18,15,7,7,0,1,7,0,8,1.770043796,0.612393126,0.492264583,0.003589786,5.319770073,R1A,1.220839406,-0.264365706,Malte Knoeppler / Sina Appeltauer
X2024res26,res26,NA,469,4,cut_summer,2000,2024-06-12,2024,45,36,518,515+517+518,2008,summer,2017,autumn,2012,8,36.5,36.5,28,20,11,10,0,2,5,0,7,2.369678629,0.711144416,0.476583804,0.003228449,5.363564793,R,1.220839406,-0.264365706,Sina Appeltauer
X2024res27,res27,NA,469,4,cut_summer,2000,2024-06-12,2024,60,25,518,515+517+518,2008,summer,2017,autumn,2012,5,41.5,42,25,24,13,12,0,1,11,0,12,1.978140441,0.614543881,0.455712286,0.00432172,5.295668442,R1A,1.220839406,-0.264365706,Malte Knoeppler
X2024res28,res28,NA,469,4,cut_summer,2000,2024-06-12,2024,50,28,518,515+517+518,2008,summer,2017,autumn,2012,1,31.5,32,23,19,7,7,0,1,6,0,7,2.235343909,0.712915973,0.432666667,0.003550195,5.34083618,R1A,1.220839406,-0.264365706,Sina Appeltauer
X2024res29,res29,NA,469,4,cut_summer,2000,2024-06-10,2024,65,44,512,512,2007,summer,2022,autumn,2011,4,53,53,16,11,5,4,0,1,5,0,6,1.899156135,0.684975785,0.495464646,0.003496202,5.346612967,R1A,1.220839406,-0.264365706,Maren Teschauer
X2024res30,res30,NA,469,4,cut_summer,2000,2024-06-10,2024,50,49,512,512,2007,summer,2022,autumn,2011,7,34,34,17,16,10,8,0,1,4,0,5,2.017647011,0.712140868,0.494702802,0.002539053,5.530980852,R1A,1.220839406,-0.264365706,Maren Teschauer
X2024res31,res31,NA,469,4,cut_summer,2000,2024-06-10,2024,40,44,512,512,2007,summer,2022,autumn,2011,5,31,31,22,13,6,4,0,2,3,0,5,2.105335317,0.681108509,0.47183488,0.00329255,5.410566074,R1A,1.220839406,-0.264365706,Sina Appeltauer
X2024res32,res32,NA,469,4,cut_summer,2000,2024-06-10,2024,45,35,512,512,2007,summer,2022,autumn,2011,3,32.5,32.5,16,10,5,3,0,0,4,0,4,2.194873145,0.79163315,0.495426316,0.003417668,5.383275782,R1A,1.220839406,-0.264365706,Sina Appeltauer
X2024res33,res33,NA,469,4,cut_autumn,2000,2024-06-11,2024,60,35,510A,510A,2005,autumn,2020,summer,2014,20,51,51,26,19,11,10,0,3,7,0,10,2.016379337,0.618882625,0.464017198,0.003771748,5.316163942,R1A,1.220839406,-0.264365706,Malte Knoeppler
X2024res34,res34,NA,469,4,cut_autumn,2000,2024-06-11,2024,65,40,510A,510A,2005,autumn,2020,summer,2014,5,52.5,52.5,22,15,6,6,0,3,9,0,12,2.085703068,0.674757173,0.476746959,0.003587236,5.276903692,R1A,1.220839406,-0.264365706,Malte Knoeppler
X2024res35,res35,NA,469,4,cut_autumn,2000,2024-06-11,2024,55,40,510A,510A,2005,autumn,2020,summer,2014,5,52.5,52.5,24,14,5,5,1,3,8,0,12,1.746187233,0.549451748,0.497376866,0.003326057,5.37867634,R1A,1.220839406,-0.264365706,Malte Knoeppler
X2024res36,res36,NA,469,4,cut_autumn,2000,2024-06-11,2024,55,35,510A,510A,2005,autumn,2020,summer,2014,15,53.5,53.5,20,13,7,5,0,2,3,0,5,1.784978141,0.595840341,0.456146415,0.004551243,5.270275809,R,1.220839406,-0.264365706,Malte Knoeppler
X2024res37,res37,NA,469,4,cut_autumn,2000,2024-06-11,2024,50,35,510A,510A,2005,autumn,2020,summer,2014,15,50.5,52.5,22,17,10,9,0,2,7,0,9,2.116232079,0.68463378,0.45838357,0.003710663,5.30730999,R,1.220839406,-0.264365706,Malte Knoeppler
X2024res38,res38,NA,469,4,cut_autumn,2000,2024-06-10,2024,40,40,510A,510A,2005,autumn,2020,summer,2014,5,27,27,22,13,6,6,1,4,7,0,12,2.5074547,0.811200344,0.458350877,0.003443031,5.28511483,R1A,1.220839406,-0.264365706,Sina Appeltauer
X2024res39,res39,NA,469,4,cut_autumn,2000,2024-06-11,2024,60,35,510A,510A,2005,autumn,2020,summer,2014,15,52.5,52.5,25,22,10,10,0,3,9,0,12,2.073155338,0.644061918,0.473459302,0.003725676,5.206717658,R,1.220839406,-0.264365706,Malte Knoeppler
X2024res40,res40,NA,469,4,topsoil_removal,1990,2024-06-15,2024,20,15,508E,506C+506D+508E,no,no,NA,NA,NA,45,0,3,15,2,0,0,0,8,5,0,13,2.505289991,0.925126864,0.196171296,0.001360823,5.066020355,R,1.220839406,-0.264365706,Malte Knoeppler
X2024res41,res41,NA,469,4,topsoil_removal,1990,2024-06-15,2024,20,4,508E,506C+506D+508E,no,no,NA,NA,NA,80,0,4.5,19,4,0,0,1,6,8,0,15,2.602443769,0.883850468,0.171224138,0.001507004,5.191707962,R1A,1.220839406,-0.264365706,Malte Knoeppler
X2024res42,res42,NA,469,4,topsoil_removal,1990,2024-06-15,2024,40,14,506D,506C+506D+508E,no,no,NA,NA,NA,10,4,6.5,17,6,1,1,1,6,6,0,13,2.42759944,0.856836089,0.237893574,0.001886828,5.070909131,R1A,1.220839406,-0.264365706,Sina Appeltauer
X2024res43,res43,NA,469,4,topsoil_removal,1990,2024-06-15,2024,20,10,508E,506C+506D+508E,no,no,NA,NA,NA,55,0.6,11.6,18,11,6,6,0,5,4,1,10,2.083635806,0.720888516,0.170426051,0.001459159,5.190066327,R1A,1.220839406,-0.264365706,Malte Knoeppler
X2024res44,res44,NA,469,4,topsoil_removal,1990,2024-06-15,2024,20,4,506C,506C+506D+508E,no,no,NA,NA,NA,10,0.5,3,21,7,1,1,0,6,10,0,16,2.793121043,0.917425015,0.219104555,0.001972873,5.208457273,R1A,1.220839406,-0.264365706,Malte Knoeppler
X2024res45,res45,NA,469,4,topsoil_removal,1990,2024-06-15,2024,25,6,506C,506C+506D+508E,no,no,NA,NA,NA,7,0.5,2.5,23,8,2,2,1,6,8,0,15,2.792355287,0.890563048,0.278936652,0.002823905,5.186151255,R1A,1.220839406,-0.264365706,Malte Knoeppler
X2024res46,res46,NA,469,4,topsoil_removal,1990,2024-06-15,2024,15,4,508E,506C+506D+508E,no,no,NA,NA,NA,80,0,2.5,20,6,0,0,1,8,7,0,16,2.656329161,0.886704458,0.160255208,0.001403439,5.166920751,R1A,1.220839406,-0.264365706,Malte Knoeppler
X2024res47,res47,NA,469,4,topsoil_removal,1990,2024-06-15,2024,40,16,506D,506C+506D+508E,no,no,NA,NA,NA,40,1,3,23,8,2,1,0,8,10,0,18,2.662687514,0.849208236,0.244660088,0.002204061,5.187979533,R1A,1.220839406,-0.264365706,Sina Appeltauer
X2024res48,res48,NA,469,4,topsoil_removal,1990,2024-06-15,2024,40,14,508E,506C+506D+508E,no,no,NA,NA,NA,55,0,10,17,5,0,0,1,5,9,0,15,2.278123432,0.804077616,0.21186875,0.001453158,5.156592239,R,1.220839406,-0.264365706,Sina Appeltauer
X2024res49,res49,NA,469,4,cut_summer,1990,2024-06-15,2024,85,38,506B,506A+506B,no,no,NA,NA,NA,2,52.5,52.5,30,21,14,12,0,2,7,0,9,2.425675177,0.713182713,0.476510638,0.003365242,5.250072649,R,1.220839406,-0.264365706,Sina Appeltauer
X2024res50,res50,NA,469,4,cut_summer,1990,2024-06-15,2024,50,40,506A,506A+506B,1993,summer,2009,NA,NA,10,23,23,26,17,8,7,0,3,7,0,10,2.689073057,0.825350945,0.427932343,0.003751283,5.301052653,R,1.220839406,-0.264365706,Malte Knoeppler
X2024res51,res51,NA,469,4,cut_summer,1990,2024-06-15,2024,90,29,508F,508F,1993,summer,2009,NA,NA,0,82,82,16,10,4,3,0,2,6,0,8,1.799537811,0.649046069,0.367276718,0.003274454,5.224346307,R,1.220839406,-0.264365706,Sina Appeltauer
X2024res52,res52,NA,469,4,cut_summer,1990,2024-06-15,2024,85,36,508F,508F,1993,summer,2009,NA,NA,5,96,96,19,9,6,4,0,4,6,0,10,1.951501085,0.662775183,0.451724022,0.004153036,5.307874688,R,1.220839406,-0.264365706,Sina Appeltauer
X2024res53,res53,NA,469,4,cut_summer,1990,2024-06-15,2024,60,50,506A,506A+506B,1993,summer,2009,NA,NA,10,26.5,26.5,29,23,11,10,0,5,8,0,13,2.38364635,0.707881478,0.464195652,0.003688082,5.354413546,R,1.220839406,-0.264365706,Malte Knoeppler
X2024res54,res54,NA,469,4,topsoil_removal,2000,2024-06-18,2024,20,6,2526A,2526A,no,no,NA,NA,NA,45,1,1,16,8,3,3,0,4,4,0,8,2.231124232,0.804707966,0.205761752,0.001454081,5.212612065,R,1.220839406,-0.264365706,Malte Knoeppler
X2024res55,res55,NA,469,4,topsoil_removal,2000,2024-06-18,2024,15,5,2526A,2526A,no,no,NA,NA,NA,10,0.5,0.5,13,4,1,1,1,4,4,0,9,2.220017738,0.86552108,0.22841954,0.001651545,5.165080781,R,1.220839406,-0.264365706,Malte Knoeppler
X2024res56,res56,NA,469,4,topsoil_removal,2000,2024-06-18,2024,20,6,2526A,2526A,no,no,NA,NA,NA,30,2.1,2.1,14,5,1,1,0,3,4,0,7,2.176057949,0.824558802,0.291526104,0.001769177,5.244292319,R1A,1.220839406,-0.264365706,Malte Knoeppler
X2024res57,res57,NA,469,4,topsoil_removal,2000,2024-06-19,2024,25,5,2526A,2526A,no,no,NA,NA,NA,25,0.5,1,14,11,6,6,1,3,5,0,9,1.937405254,0.734127763,0.216628333,0.001625854,5.204237487,R,1.220839406,-0.264365706,Maren Teschauer
X2024res58,res58,NA,469,4,topsoil_removal,2000,2024-06-18,2024,15,5,2526A,2526A,no,no,NA,NA,NA,25,1,1.5,22,11,3,3,1,4,7,0,12,2.762031826,0.893559978,0.25475,0.001603503,5.114871291,R,1.220839406,-0.264365706,Malte Knoeppler
X2024res59,res59,NA,469,4,topsoil_removal,2000,2024-06-18,2024,20,13,2526A,2526A,no,no,NA,NA,NA,15,0.5,1,18,7,1,1,1,5,7,0,13,2.510104783,0.868436656,0.22863357,0.001654434,5.169852329,R,1.220839406,-0.264365706,Malte Knoeppler
X2024res60,res60,NA,469,4,topsoil_removal,2000,2024-06-18,2024,25,6,2526A,2526A,no,no,NA,NA,NA,25,0.5,2.5,19,12,6,6,1,5,9,0,15,2.489968186,0.845651142,0.183785777,0.001553216,5.189267997,R1A,1.220839406,-0.264365706,Malte Knoeppler
X2024res61,res61,NA,469,4,topsoil_removal,2000,2024-06-19,2024,30,10,2526A,2526A,no,no,NA,NA,NA,5,2,2,15,6,2,2,1,4,5,0,10,2.057945805,0.759936357,0.191864198,0.001558152,5.165718703,R,1.220839406,-0.264365706,Maren Teschauer
X2024res62,res62,NA,469,4,cut_summer,2000,2024-06-19,2024,75,31,"""2513/1""","""2513/1""",2005,summer,2020,august,2009,2,56,56,23,12,6,4,0,4,5,0,9,2.111607268,0.673452771,0.487955044,0.003692282,5.317957755,R,1.220839406,-0.264365706,Maren Teschauer
X2024res63,res63,NA,469,4,cut_summer,2000,2024-06-19,2024,60,40,"""2513/1""","""2513/1""",2005,summer,2020,august,2009,5,39.5,39.5,23,14,7,6,0,2,8,0,10,2.119280131,0.675899869,0.506478438,0.003063213,5.320731774,R,1.220839406,-0.264365706,Maren Teschauer
X2024res64,res64,NA,469,4,cut_summer,2000,2024-06-19,2024,75,64,"""2513/1""","""2513/1""",2005,summer,2020,august,2009,5,63.5,63.5,20,15,8,8,0,2,6,0,8,1.870849201,0.624504805,0.474188962,0.003381084,5.227306735,R,1.220839406,-0.264365706,Maren Teschauer
X2024res65,res65,NA,469,4,cut_autumn,2000,2024-06-13,2024,45,34,2487,2486+2487+2488,2004,autumn,2020,summer,2008,4,36.5,36.5,20,12,3,3,0,4,5,0,9,2.11629861,0.706437831,0.450816343,0.00369221,5.261494741,R,1.220839406,-0.264365706,Maren Teschauer
X2024res66,res66,NA,469,4,cut_autumn,2000,2024-06-13,2024,70,42,2487,2486+2487+2488,2004,autumn,2020,summer,2008,1,46,46,23,14,4,4,0,3,6,0,9,2.497417075,0.796498703,0.455945135,0.003685925,5.430276663,R,1.220839406,-0.264365706,Sina Appeltauer
X2024res67,res67,NA,469,4,cut_autumn,2000,2024-06-13,2024,65,48,2491,2490+2491,2004,autumn,2020,summer,2008,6,35,35,28,20,10,8,0,2,7,0,9,2.533218584,0.760223022,0.464412653,0.004267431,5.238623255,R,1.220839406,-0.264365706,Maren Teschauer
X2024res68,res68,NA,469,4,cut_autumn,2000,2024-06-17,2024,90,50,2435,2434+2435,2007,autumn,2011,NA,NA,2,12,12,29,17,11,9,0,3,5,0,8,2.590925119,0.769437926,0.425273438,0.003733738,5.407710931,R,1.220839406,-0.264365706,Sina Appeltauer
X2024res69,res69,NA,469,4,cut_autumn,2000,2024-06-14,2024,75,41,2487,2486+2487+2488,2004,autumn,2020,summer,2008,5,40.5,40.5,23,14,7,6,0,3,5,0,8,2.540809179,0.810337702,0.459367304,0.00367986,5.309668444,R1A,1.220839406,-0.264365706,Sina Appeltauer
X2024res70,res70,NA,469,4,cut_autumn,2000,2024-06-13,2024,75,37,2491,2490+2491,2004,autumn,2020,summer,2008,2,26,26,31,15,7,5,0,4,7,0,11,2.911640644,0.847889194,0.413728714,0.00368689,5.328181566,R1A,1.220839406,-0.264365706,Sina Appeltauer
X2024res71,res71,NA,469,4,cut_autumn,2000,2024-06-17,2024,90,100,2435,2434+2435,2007,autumn,2011,NA,NA,1,100.5,100.5,26,14,9,6,0,3,6,0,9,2.269818957,0.696670258,0.657986858,0.00331382,5.352093713,R1A,1.220839406,-0.264365706,Sina Appeltauer
X2024res72,res72,NA,469,4,cut_autumn,2000,2024-06-14,2024,80,50,2451,2451+2453,2007,autumn,2011,NA,NA,3,53.5,53.5,33,21,10,8,0,2,9,1,12,2.444900033,0.699240597,0.478603682,0.003984136,5.325783899,R,1.220839406,-0.264365706,Sina Appeltauer
X2024res73,res73,NA,469,4,cut_autumn,2000,2024-06-17,2024,75,0,2437,2437,2007,autumn,2011,NA,NA,1,92.5,92.5,21,13,5,5,0,1,8,0,9,1.826680989,0.599989334,0.462576136,0.004069468,5.26075641,R1A,1.220839406,-0.264365706,Sina Appeltauer
X2024res74,res74,NA,469,4,cut_autumn,2000,2024-06-17,2024,80,59,2437,2437,2007,autumn,2011,NA,NA,0,68,68,27,20,7,7,0,2,9,0,11,2.140435136,0.649436008,0.490886525,0.004205572,5.268989332,R,1.220839406,-0.264365706,Sina Appeltauer
X2024res75,res75,NA,469,4,cut_autumn,2000,2024-06-13,2024,75,39,2491,2490+2491,2004,autumn,2020,summer,2008,15,46.5,46.5,30,21,10,9,0,2,7,0,9,2.623832223,0.771443679,0.4509375,0.003879882,5.30439867,R1A,1.220839406,-0.264365706,Sina Appeltauer
X2024res76,res76,NA,469,4,cut_autumn,2000,2024-06-13,2024,90,41,2491,2490+2491,2004,autumn,2020,summer,2008,4,28,28,37,20,14,11,1,4,7,0,12,2.859429153,0.791884286,0.384447531,0.003406974,5.197319644,R1A,1.220839406,-0.264365706,Maren Teschauer
X2024res77,res77,NA,469,4,cut_autumn,2000,2024-06-17,2024,75,63,2435,2434+2435,2007,autumn,2011,NA,NA,5,38.5,38.5,28,17,10,9,0,3,6,0,9,2.752831095,0.826129095,0.526867052,0.003087757,5.379825206,R,1.220839406,-0.264365706,Sina Appeltauer
X2024res78,res78,NA,469,4,cut_autumn,2000,2024-06-14,2024,85,49,2453,2451+2453,2007,autumn,2011,NA,NA,1,41,41,31,19,8,7,0,2,9,0,11,2.771778476,0.807160397,0.41655709,0.003407701,5.297180953,R1A,1.220839406,-0.264365706,Sina Appeltauer
X2024res79,res79,NA,469,4,cut_autumn,2000,2024-06-13,2024,65,51,2487,2486+2487+2488,2004,autumn,2020,summer,2008,4,41.5,41.5,29,16,8,7,0,2,9,0,11,2.642761145,0.784831889,0.462590629,0.003067321,5.35078945,R1A,1.220839406,-0.264365706,Sina Appeltauer
X2024res80,res80,NA,469,4,cut_autumn,2000,2024-06-14,2024,70,42,2487,2486+2487+2488,2004,autumn,2020,summer,2008,1,38.5,38.5,28,19,7,7,0,2,9,0,11,2.774337359,0.83258316,0.455061637,0.003738805,5.317387703,R1A,1.220839406,-0.264365706,Sina Appeltauer
X2024res81,res81,NA,469,4,cut_autumn,2000,2024-06-13,2024,65,42,2481,2481,2006,autumn,2010,NA,NA,1,34,34,19,9,4,3,0,3,2,0,5,1.604683299,0.544987792,0.448013593,0.003798172,5.531436482,R1A,1.220839406,-0.264365706,Maren Teschauer
X2024res82,res82,NA,469,4,cut_autumn,2000,2024-06-13,2024,60,57,2481,2481,2006,autumn,2010,NA,NA,10,38,38,27,21,12,12,0,2,4,0,6,2.59693748,0.787944788,0.482721726,0.003800945,5.359303607,R,1.220839406,-0.264365706,Sina Appeltauer
X2024res83,res83,NA,469,4,cut_autumn,2000,2024-06-13,2024,70,57,2481,2481,2006,autumn,2010,NA,NA,2,51.5,55.5,18,10,5,5,0,3,0,0,3,2.085434136,0.721510695,0.472662951,0.004236731,5.346655405,R1A,1.220839406,-0.264365706,Maren Teschauer / Sina Appeltauer
X2024res84,res84,NA,469,4,cut_autumn,2000,2024-06-12,2024,50,50,205D,205D,2004,autumn,2020,summer,2008,70,43.5,43.5,26,18,13,11,0,2,6,0,8,1.867037166,0.573045379,0.466307418,0.00455094,5.241293708,R1A,1.220839406,-0.264365706,Malte Knoeppler
X2024res85,res85,NA,469,4,cut_autumn,2000,2024-06-12,2024,50,40,205D,205D,2004,autumn,2020,summer,2008,20,41.5,41.5,20,15,7,6,0,2,3,0,5,1.959113169,0.653968042,0.472125634,0.004351015,5.308259063,R,1.220839406,-0.264365706,Malte Knoeppler
X2024res86,res86,NA,469,4,cut_autumn,2000,2024-06-12,2024,55,40,205D,205D,2004,autumn,2020,summer,2008,10,53,53,22,16,8,6,0,1,5,0,6,2.137199134,0.691416946,0.445277412,0.004018954,5.353435947,R,1.220839406,-0.264365706,Malte Knoeppler
X2024res87,res87,NA,469,4,cut_autumn,2000,2024-06-12,2024,60,50,205D,205D,2004,autumn,2020,summer,2008,10,52,52,26,18,10,9,0,1,7,0,8,2.159166065,0.662707823,0.468636667,0.00398451,5.362517121,R,1.220839406,-0.264365706,Malte Knoeppler
X2024res88,res88,NA,469,4,cut_summer,2000,2024-06-12,2024,55,44,205C,205C,2006,summer,2009,NA,NA,6,48,48,21,18,8,7,0,1,5,0,6,1.940798197,0.637472128,0.456188559,0.004292533,5.25344486,R,1.220839406,-0.264365706,Sina Appeltauer
X2024res89,res89,NA,469,4,cut_summer,2000,2024-06-12,2024,80,58,205C,205C,2006,summer,2009,NA,NA,50,67,67,25,19,13,11,0,2,4,0,6,2.12951912,0.661572312,0.51348665,0.00296607,5.376937519,R,1.220839406,-0.264365706,Sina Appeltauer
X2024res90,res90,NA,469,4,cut_summer,2000,2024-06-12,2024,70,46,205C,205C,2006,summer,2009,NA,NA,5,38.5,38.5,24,22,12,12,0,2,6,0,8,2.423176144,0.762471712,0.45566131,0.003776103,5.309286608,R,1.220839406,-0.264365706,Sina Appeltauer
