no,ID,plot,plot_old,block,dataset,year,herbHeight,herbCover,mossCover,litterCover,soilCover,botanist,plotSize,photoName_June,photoDate_June,photoName_April,photoDate_April,longitude,latitude
41,X84I1,I1,na,I,transects,1984,NA,NA,NA,NA,NA,Julia Liebermann,1,na,NA,na,NA,11.65279958775725,48.28763726337717
42,X84I2,I2,na,I,transects,1984,NA,NA,NA,NA,NA,Julia Liebermann,1,na,NA,na,NA,11.652866415658544,48.28771840302761
43,X84I3,I3,na,I,transects,1984,NA,NA,NA,NA,NA,Julia Liebermann,1,na,NA,na,NA,11.652933304594738,48.28779054967965
44,X84I4,I4,na,I,transects,1984,NA,NA,NA,NA,NA,Julia Liebermann,1,na,NA,na,NA,11.652986596947164,48.28788064162484
45,X84I5,I5,na,I,transects,1984,NA,NA,NA,NA,NA,Julia Liebermann,1,na,NA,na,NA,11.653053425460735,48.28796178116465
46,X84I6,I6,na,I,transects,1984,NA,NA,NA,NA,NA,Julia Liebermann,1,na,NA,na,NA,11.653106839788737,48.28803388713502
47,X84I7,I7,na,I,transects,1984,NA,NA,NA,NA,NA,Julia Liebermann,1,na,NA,na,NA,11.653173729473927,48.28810603364504
48,X84I8,I8,na,I,transects,1984,NA,NA,NA,NA,NA,Julia Liebermann,1,na,NA,na,NA,11.653227022575088,48.2881961254757
49,X84I9,I9,na,I,transects,1984,NA,NA,NA,NA,NA,Julia Liebermann,1,na,NA,na,NA,11.65328043739051,48.288268231363695
50,X84I10,I10,na,I,transects,1984,NA,NA,NA,NA,NA,Julia Liebermann,1,na,NA,na,NA,11.653347266872869,48.28834937072958
51,X84I11,I11,na,I,transects,1984,NA,NA,NA,NA,NA,Julia Liebermann,1,na,NA,na,NA,11.653400621273562,48.288430469518964
52,X84I12,I12,na,I,transects,1984,NA,NA,NA,NA,NA,Julia Liebermann,1,na,NA,na,NA,11.653467390425563,48.288520601772014
53,X84I13,I13,na,I,transects,1984,NA,NA,NA,NA,NA,Julia Liebermann,1,na,NA,na,NA,11.653520805915887,48.288592707545895
54,X84I14,I14,na,I,transects,1984,NA,NA,NA,NA,NA,Julia Liebermann,1,na,NA,na,NA,11.653587636200372,48.28867384676945
55,X84I15,I15,na,I,transects,1984,NA,NA,NA,NA,NA,Julia Liebermann,1,na,NA,na,NA,11.653640991317488,48.28875494544447
56,X84I16,I16,na,I,transects,1984,NA,NA,NA,NA,NA,Julia Liebermann,1,na,NA,na,NA,11.65370782200304,48.28883608459684
57,X84I17,I17,na,I,transects,1984,NA,NA,NA,NA,NA,Julia Liebermann,1,na,NA,na,NA,11.653761177478378,48.28891718321466
58,X84I18,I18,na,I,transects,1984,NA,NA,NA,NA,NA,Julia Liebermann,1,na,NA,na,NA,11.653814533122116,48.28899828180697
59,X84I19,I19,na,I,transects,1984,NA,NA,NA,NA,NA,Julia Liebermann,1,na,NA,na,NA,11.653881364398561,48.28907942085648
60,X84I20,I20,na,I,transects,1984,NA,NA,NA,NA,NA,Julia Liebermann,1,na,NA,na,NA,11.653934720400523,48.28916051939161
61,X84I21,I21,na,I,transects,1984,NA,NA,NA,NA,NA,Julia Liebermann,1,na,NA,na,NA,11.653988076570899,48.28924161790124
62,X84I22,I22,na,I,transects,1984,NA,NA,NA,NA,NA,Julia Liebermann,1,na,NA,na,NA,11.654054969068222,48.289313763890284
63,X84I23,I23,na,I,transects,1984,NA,NA,NA,NA,NA,Julia Liebermann,1,na,NA,na,NA,11.654121740516857,48.28940389575506
64,X84I24,I24,na,I,transects,1984,NA,NA,NA,NA,NA,Julia Liebermann,1,na,NA,na,NA,11.654161682275449,48.28947596076983
65,X84I25,I25,na,I,transects,1984,NA,NA,NA,NA,NA,Julia Liebermann,1,na,NA,na,NA,11.65422851472215,48.28955709961366
66,X84I26,I26,na,I,transects,1984,NA,NA,NA,NA,NA,Julia Liebermann,1,na,NA,na,NA,11.654295347380113,48.289638238418014
67,X84I27,I27,na,I,transects,1984,NA,NA,NA,NA,NA,Julia Liebermann,1,na,NA,na,NA,11.654335047237689,48.28974627519946
68,X84II1,II1,na,II,transects,1984,NA,NA,NA,NA,NA,Julia Liebermann,1,na,NA,na,NA,11.651597618903104,48.288029333169156
69,X84II2,II2,na,II,transects,1984,NA,NA,NA,NA,NA,Julia Liebermann,1,na,NA,na,NA,11.651664445404744,48.28811047350914
70,X84II3,II3,na,II,transects,1984,NA,NA,NA,NA,NA,Julia Liebermann,1,na,NA,na,NA,11.651717796889956,48.28819157307561
71,X84II4,II4,na,II,transects,1984,NA,NA,NA,NA,NA,Julia Liebermann,1,na,NA,na,NA,11.651784623792633,48.28827271334444
72,X84II5,II5,na,II,transects,1984,NA,NA,NA,NA,NA,Julia Liebermann,1,na,NA,na,NA,11.651837975636028,48.28835381285373
73,X84II6,II6,na,II,transects,1984,NA,NA,NA,NA,NA,Julia Liebermann,1,na,NA,na,NA,11.65189132764781,48.28843491233751
74,X84II7,II7,na,II,transects,1984,NA,NA,NA,NA,NA,Julia Liebermann,1,na,NA,na,NA,11.651958155141335,48.28851605250349
75,X84II8,II8,na,II,transects,1984,NA,NA,NA,NA,NA,Julia Liebermann,1,na,NA,na,NA,11.65201150751131,48.288597151930105
76,X84II14,II14,na,II,transects,1984,NA,NA,NA,NA,NA,Julia Liebermann,1,na,NA,na,NA,11.652358515266661,48.28909282223463
77,X84III1,III1,na,III,transects,1984,NA,NA,NA,NA,NA,Julia Liebermann,1,na,NA,na,NA,11.650395631699935,48.28842139032739
78,X84III2,III2,na,III,transects,1984,NA,NA,NA,NA,NA,Julia Liebermann,1,na,NA,na,NA,11.650448981494156,48.288502490474016
79,X84III3,III3,na,III,transects,1984,NA,NA,NA,NA,NA,Julia Liebermann,1,na,NA,na,NA,11.650502331456764,48.28858359059513
80,X84III16,III16,na,III,transects,1984,NA,NA,NA,NA,NA,Julia Liebermann,1,na,NA,na,NA,11.651276749938967,48.28963813460347
81,X93I1,I1,na,I,transects,1993,NA,NA,NA,NA,NA,Maria Höngdobler,1,na,NA,na,NA,11.65279958775725,48.28763726337717
82,X93I2,I2,na,I,transects,1993,NA,NA,NA,NA,NA,Maria Höngdobler,1,na,NA,na,NA,11.652866415658544,48.28771840302761
83,X93I3,I3,na,I,transects,1993,NA,NA,NA,NA,NA,Maria Höngdobler,1,na,NA,na,NA,11.652933304594738,48.28779054967965
84,X93I4,I4,na,I,transects,1993,NA,NA,NA,NA,NA,Maria Höngdobler,1,na,NA,na,NA,11.652986596947164,48.28788064162484
85,X93I5,I5,na,I,transects,1993,NA,NA,NA,NA,NA,Maria Höngdobler,1,na,NA,na,NA,11.653053425460735,48.28796178116465
86,X93I6,I6,na,I,transects,1993,NA,NA,NA,NA,NA,Maria Höngdobler,1,na,NA,na,NA,11.653106839788737,48.28803388713502
87,X93I7,I7,na,I,transects,1993,NA,NA,NA,NA,NA,Maria Höngdobler,1,na,NA,na,NA,11.653173729473927,48.28810603364504
88,X93I8,I8,na,I,transects,1993,NA,NA,NA,NA,NA,Maria Höngdobler,1,na,NA,na,NA,11.653227022575088,48.2881961254757
89,X93I9,I9,na,I,transects,1993,NA,NA,NA,NA,NA,Maria Höngdobler,1,na,NA,na,NA,11.65328043739051,48.288268231363695
90,X93I10,I10,na,I,transects,1993,NA,NA,NA,NA,NA,Maria Höngdobler,1,na,NA,na,NA,11.653347266872869,48.28834937072958
91,X93I11,I11,na,I,transects,1993,NA,NA,NA,NA,NA,Maria Höngdobler,1,na,NA,na,NA,11.653400621273562,48.288430469518964
92,X93I12,I12,na,I,transects,1993,NA,NA,NA,NA,NA,Maria Höngdobler,1,na,NA,na,NA,11.653467390425563,48.288520601772014
93,X93I13,I13,na,I,transects,1993,NA,NA,NA,NA,NA,Maria Höngdobler,1,na,NA,na,NA,11.653520805915887,48.288592707545895
94,X93I14,I14,na,I,transects,1993,NA,NA,NA,NA,NA,Maria Höngdobler,1,na,NA,na,NA,11.653587636200372,48.28867384676945
95,X93I15,I15,na,I,transects,1993,NA,NA,NA,NA,NA,Maria Höngdobler,1,na,NA,na,NA,11.653640991317488,48.28875494544447
96,X93I16,I16,na,I,transects,1993,NA,NA,NA,NA,NA,Maria Höngdobler,1,na,NA,na,NA,11.65370782200304,48.28883608459684
97,X93I17,I17,na,I,transects,1993,NA,NA,NA,NA,NA,Maria Höngdobler,1,na,NA,na,NA,11.653761177478378,48.28891718321466
98,X93I18,I18,na,I,transects,1993,NA,NA,NA,NA,NA,Maria Höngdobler,1,na,NA,na,NA,11.653814533122116,48.28899828180697
99,X93I19,I19,na,I,transects,1993,NA,NA,NA,NA,NA,Maria Höngdobler,1,na,NA,na,NA,11.653881364398561,48.28907942085648
100,X93I20,I20,na,I,transects,1993,NA,NA,NA,NA,NA,Maria Höngdobler,1,na,NA,na,NA,11.653934720400523,48.28916051939161
101,X93I21,I21,na,I,transects,1993,NA,NA,NA,NA,NA,Maria Höngdobler,1,na,NA,na,NA,11.653988076570899,48.28924161790124
102,X93I22,I22,na,I,transects,1993,NA,NA,NA,NA,NA,Maria Höngdobler,1,na,NA,na,NA,11.654054969068222,48.289313763890284
103,X93I23,I23,na,I,transects,1993,NA,NA,NA,NA,NA,Maria Höngdobler,1,na,NA,na,NA,11.654121740516857,48.28940389575506
104,X93I24,I24,na,I,transects,1993,NA,NA,NA,NA,NA,Maria Höngdobler,1,na,NA,na,NA,11.654161682275449,48.28947596076983
105,X93I25,I25,na,I,transects,1993,NA,NA,NA,NA,NA,Maria Höngdobler,1,na,NA,na,NA,11.65422851472215,48.28955709961366
106,X93I26,I26,na,I,transects,1993,NA,NA,NA,NA,NA,Maria Höngdobler,1,na,NA,na,NA,11.654295347380113,48.289638238418014
107,X93I27,I27,na,I,transects,1993,NA,NA,NA,NA,NA,Maria Höngdobler,1,na,NA,na,NA,11.654335047237689,48.28974627519946
108,X93II1,II1,na,II,transects,1993,NA,NA,NA,NA,NA,Maria Höngdobler,1,na,NA,na,NA,11.651597618903104,48.288029333169156
109,X93II2,II2,na,II,transects,1993,NA,NA,NA,NA,NA,Maria Höngdobler,1,na,NA,na,NA,11.651664445404744,48.28811047350914
110,X93II3,II3,na,II,transects,1993,NA,NA,NA,NA,NA,Maria Höngdobler,1,na,NA,na,NA,11.651717796889956,48.28819157307561
111,X93II4,II4,na,II,transects,1993,NA,NA,NA,NA,NA,Maria Höngdobler,1,na,NA,na,NA,11.651784623792633,48.28827271334444
112,X93II5,II5,na,II,transects,1993,NA,NA,NA,NA,NA,Maria Höngdobler,1,na,NA,na,NA,11.651837975636028,48.28835381285373
113,X93II6,II6,na,II,transects,1993,NA,NA,NA,NA,NA,Maria Höngdobler,1,na,NA,na,NA,11.65189132764781,48.28843491233751
114,X93II7,II7,na,II,transects,1993,NA,NA,NA,NA,NA,Maria Höngdobler,1,na,NA,na,NA,11.651958155141335,48.28851605250349
115,X93II8,II8,na,II,transects,1993,NA,NA,NA,NA,NA,Maria Höngdobler,1,na,NA,na,NA,11.65201150751131,48.288597151930105
116,X93II14,II14,na,II,transects,1993,NA,NA,NA,NA,NA,Maria Höngdobler,1,na,NA,na,NA,11.652358515266661,48.28909282223463
117,X93III1,III1,na,III,transects,1993,NA,NA,NA,NA,NA,Maria Höngdobler,1,na,NA,na,NA,11.650395631699935,48.28842139032739
118,X93III2,III2,na,III,transects,1993,NA,NA,NA,NA,NA,Maria Höngdobler,1,na,NA,na,NA,11.650448981494156,48.288502490474016
119,X93III3,III3,na,III,transects,1993,NA,NA,NA,NA,NA,Maria Höngdobler,1,na,NA,na,NA,11.650502331456764,48.28858359059513
120,X93III16,III16,na,III,transects,1993,NA,NA,NA,NA,NA,Maria Höngdobler,1,na,NA,na,NA,11.651276749938967,48.28963813460347
121,X18I1,I1,na,I,transects,2018,18,95,0,5,0,Markus Bauer,1,108-0213,2018-06-06,107-0951,2017-04-23,11.65279958775725,48.28763726337717
122,X18I2,I2,na,I,transects,2018,15,95,0,5,0,Markus Bauer,1,108-0214,2018-06-07,107-0952,2017-04-23,11.652866415658544,48.28771840302761
123,X18I3,I3,na,I,transects,2018,10,90,0,10,0,Markus Bauer,1,108-0215,2018-06-07,107-0953,2017-04-23,11.652933304594738,48.28779054967965
124,X18I4,I4,na,I,transects,2018,11,95,0,5,0,Markus Bauer,1,108-0220,2018-06-07,107-0954,2017-04-23,11.652986596947164,48.28788064162484
125,X18I5,I5,na,I,transects,2018,11,95,0,5,0,Markus Bauer,1,108-0222,2018-06-07,107-0955,2017-04-23,11.653053425460735,48.28796178116465
126,X18I6,I6,na,I,transects,2018,11,95,0,5,0,Markus Bauer,1,108-0223,2018-06-07,107-0956,2017-04-23,11.653106839788737,48.28803388713502
127,X18I7,I7,na,I,transects,2018,11,95,0,5,0,Markus Bauer,1,108-0235,2018-06-08,107-0958,2017-04-25,11.653173729473927,48.28810603364504
128,X18I8,I8,na,I,transects,2018,14,95,0,5,0,Markus Bauer,1,108-0236,2018-06-08,107-0959,2017-04-25,11.653227022575088,48.2881961254757
129,X18I9,I9,na,I,transects,2018,15,90,0,10,0,Markus Bauer,1,108-0237,2018-06-08,107-0960,2017-04-25,11.65328043739051,48.288268231363695
130,X18I10,I10,na,I,transects,2018,12,90,0,10,0,Markus Bauer,1,108-0238,2018-06-08,107-0961,2017-04-25,11.653347266872869,48.28834937072958
131,X18I11,I11,na,I,transects,2018,10,90,0,10,0,Markus Bauer,1,108-0239,2018-06-08,107-0962,2017-04-25,11.653400621273562,48.288430469518964
132,X18I12,I12,na,I,transects,2018,10,95,0,4,1,Markus Bauer,1,108-0245,2018-06-11,107-0963,2017-04-25,11.653467390425563,48.288520601772014
133,X18I13,I13,na,I,transects,2018,12,95,0,5,0,Markus Bauer,1,108-0246,2018-06-11,107-0964,2017-04-25,11.653520805915887,48.288592707545895
134,X18I14,I14,na,I,transects,2018,11,NA,NA,NA,NA,Markus Bauer,1,108-0247,2018-06-11,107-0965,2017-04-25,11.653587636200372,48.28867384676945
135,X18I15,I15,na,I,transects,2018,10,90,0,10,0,Markus Bauer,1,108-0248,2018-06-11,107-0966,2017-04-25,11.653640991317488,48.28875494544447
136,X18I16,I16,na,I,transects,2018,12,90,0,10,0,Markus Bauer,1,108-0249,2018-06-11,107-0967,2017-04-25,11.65370782200304,48.28883608459684
137,X18I17,I17,na,I,transects,2018,13,90,0,10,0,Markus Bauer,1,108-0252,2018-06-12,107-0968,2017-04-25,11.653761177478378,48.28891718321466
138,X18I18,I18,na,I,transects,2018,12,90,0,10,0,Markus Bauer,1,108-0253,2018-06-12,107-0969,2017-04-25,11.653814533122116,48.28899828180697
139,X18I19,I19,na,I,transects,2018,13,90,0,10,0,Markus Bauer,1,108-0254,2018-06-12,107-0970,2017-04-25,11.653881364398561,48.28907942085648
140,X18I20,I20,na,I,transects,2018,14,95,0,5,0,Markus Bauer,1,108-0255,2018-06-12,107-0971,2017-04-25,11.653934720400523,48.28916051939161
141,X18I21,I21,na,I,transects,2018,9,90,0,10,0,Markus Bauer,1,108-0256,2018-06-12,107-0972,2017-04-25,11.653988076570899,48.28924161790124
142,X18I22,I22,na,I,transects,2018,8,95,0,4,1,Markus Bauer,1,108-0257,2018-06-14,107-0973,2017-04-25,11.654054969068222,48.289313763890284
143,X18I23,I23,na,I,transects,2018,10,90,0,8,2,Markus Bauer,1,108-0258,2018-06-14,107-0974,2017-04-25,11.654121740516857,48.28940389575506
144,X18I24,I24,na,I,transects,2018,7,90,0,4,6,Markus Bauer,1,108-0259,2018-06-14,107-0975,2017-04-25,11.654161682275449,48.28947596076983
145,X18I25,I25,na,I,transects,2018,10,95,0,4,1,Markus Bauer,1,108-0260,2018-06-14,107-0976,2017-04-25,11.65422851472215,48.28955709961366
146,X18I26,I26,na,I,transects,2018,10,90,0,9,1,Markus Bauer,1,108-0261,2018-06-14,107-0980,2017-04-25,11.654295347380113,48.289638238418014
147,X18I27,I27,na,I,transects,2018,20,95,2,3,0,Markus Bauer,1,108-0262,2018-06-14,107-0981,2017-04-25,11.654335047237689,48.28974627519946
148,X18II1,II1,na,II,transects,2018,24,97.5,0,4,0,Markus Bauer,1,108-0199,2018-06-05,107-0942,2017-04-23,11.651597618903104,48.288029333169156
149,X18II2,II2,na,II,transects,2018,15,90,0,10,0,Markus Bauer,1,108-0200,2018-06-05,107-0943,2017-04-23,11.651664445404744,48.28811047350914
150,X18II3,II3,na,II,transects,2018,8,90,0,10,0,Markus Bauer,1,108-0201,2018-06-05,107-0944,2017-04-23,11.651717796889956,48.28819157307561
151,X18II4,II4,na,II,transects,2018,12,90,0,8,2,Markus Bauer,1,108-0202,2018-06-05,107-0945,2017-04-23,11.651784623792633,48.28827271334444
152,X18II5,II5,na,II,transects,2018,11,90,0,10,0,Markus Bauer,1,108-0206,2018-06-05,107-0946,2017-04-23,11.651837975636028,48.28835381285373
153,X18II6,II6,na,II,transects,2018,12,90,0,9,1,Markus Bauer,1,108-0208,2018-06-06,107-0947,2017-04-23,11.65189132764781,48.28843491233751
154,X18II7,II7,na,II,transects,2018,14,90,0,10,0,Markus Bauer,1,108-0210,2018-06-06,107-0948,2017-04-23,11.651958155141335,48.28851605250349
155,X18II8,II8,na,II,transects,2018,17,95,0,50,0,Markus Bauer,1,108-0211,2018-06-06,107-0949,2017-04-23,11.65201150751131,48.288597151930105
156,X18II14,II14,na,II,transects,2018,10,90,0,10,0,Markus Bauer,1,108-0212,2018-06-06,107-0950,2017-04-23,11.652358515266661,48.28909282223463
157,X18III1,III1,na,III,transects,2018,14,90,0,10,0,Markus Bauer,1,108-0198,2018-06-04,107-0936,2017-04-23,11.650395631699935,48.28842139032739
158,X18III2,III2,na,III,transects,2018,14,90,0,10,0,Markus Bauer,1,108-0197,2018-06-04,107-0937,2017-04-23,11.650448981494156,48.288502490474016
159,X18III3,III3,na,III,transects,2018,12,90,2,10,0,Markus Bauer,1,108-0196,2018-06-04,107-0938,2017-04-23,11.650502331456764,48.28858359059513
160,X18III16,III16,na,III,transects,2018,16,90,0,10,0,Markus Bauer,1,108-0195,2018-06-04,107-0982,2017-04-25,11.651276749938967,48.28963813460347
161,X03N01,N01,Nordteil1,north,blocks,2003,NA,NA,NA,NA,NA,Daniela Röder,4,na,NA,na,NA,11.65367978016041,48.29498730508457
162,X03N02,N02,Nordteil2,north,blocks,2003,NA,NA,NA,NA,NA,Daniela Röder,4,na,NA,na,NA,11.65315046758939,48.295534293817816
163,X03N03,N03,Nordteil3,north,blocks,2003,NA,NA,NA,NA,NA,Daniela Röder,4,na,NA,na,NA,11.653016669180404,48.29539000087162
164,X03N04,N04,Nordteil4,north,blocks,2003,NA,NA,NA,NA,NA,Daniela Röder,4,na,NA,na,NA,11.653124911813693,48.29532737488757
165,X03N05,N05,Nordteil5,north,blocks,2003,NA,NA,NA,NA,NA,Daniela Röder,4,na,NA,na,NA,11.65326035149296,48.29522885813042
166,X03N06,N06,Nordteil6,north,blocks,2003,NA,NA,NA,NA,NA,Daniela Röder,4,na,NA,na,NA,11.65328785265114,48.29514800271527
167,X03M01,M01,VG1,middle,blocks,2003,NA,NA,NA,NA,NA,Daniela Röder,4,na,NA,na,NA,11.653017997635422,48.291208197777394
168,X03M02,M02,VG2,middle,blocks,2003,NA,NA,NA,NA,NA,Daniela Röder,4,na,NA,na,NA,11.653286424262717,48.291370882317295
169,X03M03,M03,VG3,middle,blocks,2003,NA,NA,NA,NA,NA,Daniela Röder,4,na,NA,na,NA,11.65309818495262,48.29130736374543
170,X03M04,M04,VG4,middle,blocks,2003,NA,NA,NA,NA,NA,Daniela Röder,4,na,NA,na,NA,11.653044584813271,48.2912622366648
171,X03M05,M05,VG5,middle,blocks,2003,NA,NA,NA,NA,NA,Daniela Röder,4,na,NA,na,NA,11.653206601179933,48.291217758757846
172,X03M06,M06,VG6,middle,blocks,2003,NA,NA,NA,NA,NA,Daniela Röder,4,na,NA,na,NA,11.65295007006755,48.29128893141745
173,X03M07,M07,VV1,middle,blocks,2003,NA,NA,NA,NA,NA,Daniela Röder,4,na,NA,na,NA,11.65244914162894,48.2916291606214
174,X03M08,M08,VV2,middle,blocks,2003,NA,NA,NA,NA,NA,Daniela Röder,4,na,NA,na,NA,11.652261085266286,48.29153866182498
175,X03M09,M09,VV3,middle,blocks,2003,NA,NA,NA,NA,NA,Daniela Röder,4,na,NA,na,NA,11.652287793704415,48.29157471497804
176,X03M10,M10,VV4,middle,blocks,2003,NA,NA,NA,NA,NA,Daniela Röder,4,na,NA,na,NA,11.652327490802469,48.29168275240949
177,X03M11,M11,VV5,middle,blocks,2003,NA,NA,NA,NA,NA,Daniela Röder,4,na,NA,na,NA,11.652381090746267,48.291727879820556
178,X03M12,M12,VV6,middle,blocks,2003,NA,NA,NA,NA,NA,Daniela Röder,4,na,NA,na,NA,11.652340296652124,48.29178171554834
179,X03M13,M13,VW1,middle,blocks,2003,NA,NA,NA,NA,NA,Daniela Röder,4,na,NA,na,NA,11.652841166461231,48.291450479785944
180,X03M14,M14,VW2,middle,blocks,2003,NA,NA,NA,NA,NA,Daniela Röder,4,na,NA,na,NA,11.653042030703148,48.29163994070322
181,X03M15,M15,VW3,middle,blocks,2003,NA,NA,NA,NA,NA,Daniela Röder,4,na,NA,na,NA,11.652975197439657,48.29155880119731
182,X03M16,M16,VW4,middle,blocks,2003,NA,NA,NA,NA,NA,Daniela Röder,4,na,NA,na,NA,11.652854277475756,48.29150447810886
183,X03M17,M17,VW5,middle,blocks,2003,NA,NA,NA,NA,NA,Daniela Röder,4,na,NA,na,NA,11.652948610182834,48.29150476229645
184,X03M18,M18,VW6,middle,blocks,2003,NA,NA,NA,NA,NA,Daniela Röder,4,na,NA,na,NA,11.652827081873026,48.291540368710116
185,X03S01,S01,MM1,south,blocks,2003,NA,NA,NA,NA,NA,Daniela Röder,4,na,NA,na,NA,11.651660110984622,48.28874897343637
186,X03S02,S02,MM2,south,blocks,2003,NA,NA,NA,NA,NA,Daniela Röder,4,na,NA,na,NA,11.651768280160614,48.288695341583306
187,X03S03,S03,MM3,south,blocks,2003,NA,NA,NA,NA,NA,Daniela Röder,4,na,NA,na,NA,11.651810658963173,48.288407689150475
188,X03S04,S04,MM4,south,blocks,2003,NA,NA,NA,NA,NA,Daniela Röder,4,na,NA,na,NA,11.651917973215157,48.288479958548294
189,X03S05,S05,MM5,south,blocks,2003,NA,NA,NA,NA,NA,Daniela Röder,4,na,NA,na,NA,11.652038763092959,48.28855226854405
190,X03S06,S06,MM6,south,blocks,2003,NA,NA,NA,NA,NA,Daniela Röder,4,na,NA,na,NA,11.651998154155649,48.288579125315046
191,X03S07,S07,MW1,south,blocks,2003,NA,NA,NA,NA,NA,Daniela Röder,4,na,NA,na,NA,11.652621306881766,48.288095376227616
192,X03S08,S08,MW2,south,blocks,2003,NA,NA,NA,NA,NA,Daniela Röder,4,na,NA,na,NA,11.652688804634767,48.28807759343602
193,X03S09,S09,MW3,south,blocks,2003,NA,NA,NA,NA,NA,Daniela Röder,4,na,NA,na,NA,11.652810263965039,48.288050980085934
194,X03S10,S10,MW4,south,blocks,2003,NA,NA,NA,NA,NA,Daniela Röder,4,na,NA,na,NA,11.65275660661722,48.288014845812754
195,X03S11,S11,MW5,south,blocks,2003,NA,NA,NA,NA,NA,Daniela Röder,4,na,NA,na,NA,11.652797275557267,48.28797899581077
196,X03S12,S12,MW6,south,blocks,2003,NA,NA,NA,NA,NA,Daniela Röder,4,na,NA,na,NA,11.652770325210787,48.28797891459115
197,X03S13,S13,MG1,south,blocks,2003,NA,NA,NA,NA,NA,Daniela Röder,4,na,NA,na,NA,11.654189157776889,48.2873986276653
198,X03S14,S14,MG2,south,blocks,2003,NA,NA,NA,NA,NA,Daniela Röder,4,na,NA,na,NA,11.654256532890125,48.28739882986948
199,X03S15,S15,MG3,south,blocks,2003,NA,NA,NA,NA,NA,Daniela Röder,4,na,NA,na,NA,11.654350858049904,48.28739911288901
200,X03S16,S16,MG4,south,blocks,2003,NA,NA,NA,NA,NA,Daniela Röder,4,na,NA,na,NA,11.654364575358915,48.28736318147032
201,X03S17,S17,MG5,south,blocks,2003,NA,NA,NA,NA,NA,Daniela Röder,4,na,NA,na,NA,11.654404637012838,48.28741726050159
202,X03S18,S18,MG6,south,blocks,2003,NA,NA,NA,NA,NA,Daniela Röder,4,na,NA,na,NA,11.654404273625062,48.28747121826684
203,X18N01,N01,Nordteil1,north,blocks,2018,19,97.5,0,1,0,Markus Bauer,4,108-0268,2018-06-18,na,NA,11.65367978016041,48.29498730508457
204,X18N02,N02,Nordteil2,north,blocks,2018,18,97.5,0,0,0,Markus Bauer,4,108-0263,2018-06-18,na,NA,11.65315046758939,48.295534293817816
205,X18N03,N03,Nordteil3,north,blocks,2018,16,90,0,4,1,Markus Bauer,4,108-0264,2018-06-18,na,NA,11.653016669180404,48.29539000087162
206,X18N04,N04,Nordteil4,north,blocks,2018,20,90,0,10,1,Markus Bauer,4,108-0265,2018-06-18,na,NA,11.653124911813693,48.29532737488757
207,X18N05,N05,Nordteil5,north,blocks,2018,22,97.5,0,2,0,Markus Bauer,4,108-0266,2018-06-18,na,NA,11.65326035149296,48.29522885813042
208,X18N06,N06,Nordteil6,north,blocks,2018,17,90,0,10,0,Markus Bauer,4,108-0267,2018-06-18,na,NA,11.65328785265114,48.29514800271527
209,X18M01,M01,VG1,middle,blocks,2018,13,90,0,4,0,Markus Bauer,4,108-0292,2018-06-20,na,NA,11.653017997635422,48.291208197777394
210,X18M02,M02,VG2,middle,blocks,2018,16,97.5,0,1,0,Markus Bauer,4,108-0291,2018-06-20,na,NA,11.653286424262717,48.291370882317295
211,X18M03,M03,VG3,middle,blocks,2018,18,97.5,0,2,0,Markus Bauer,4,108-0290,2018-06-20,na,NA,11.65309818495262,48.29130736374543
212,X18M04,M04,VG4,middle,blocks,2018,17,97.5,0,2,0,Markus Bauer,4,108-0289,2018-06-20,na,NA,11.653044584813271,48.2912622366648
213,X18M05,M05,VG5,middle,blocks,2018,20,90,0,4,1,Markus Bauer,4,108-0288,2018-06-20,na,NA,11.653206601179933,48.291217758757846
214,X18M06,M06,VG6,middle,blocks,2018,14,90,0,4,1,Markus Bauer,4,108-0287,2018-06-20,na,NA,11.65295007006755,48.29128893141745
215,X18M07,M07,VV1,middle,blocks,2018,19,97.5,0,4,0,Markus Bauer,4,108-0276,2018-06-19,na,NA,11.65244914162894,48.2916291606214
216,X18M08,M08,VV2,middle,blocks,2018,20,97.5,0,0,0,Markus Bauer,4,108-0275,2018-06-19,na,NA,11.652261085266286,48.29153866182498
217,X18M09,M09,VV3,middle,blocks,2018,15,97.5,0,0,0,Markus Bauer,4,108-0272,2018-06-19,na,NA,11.652287793704415,48.29157471497804
218,X18M10,M10,VV4,middle,blocks,2018,15,97.5,0,4,0,Markus Bauer,4,108-0271,2018-06-19,na,NA,11.652327490802469,48.29168275240949
219,X18M11,M11,VV5,middle,blocks,2018,15,90,0,4,2,Markus Bauer,4,108-0270,2018-06-19,na,NA,11.652381090746267,48.291727879820556
220,X18M12,M12,VV6,middle,blocks,2018,13,90,0,10,1,Markus Bauer,4,108-0269,2018-06-19,na,NA,11.652340296652124,48.29178171554834
221,X18M13,M13,VW1,middle,blocks,2018,18,97.5,0,0,0,Markus Bauer,4,108-0286,2018-06-20,na,NA,11.652841166461231,48.291450479785944
222,X18M14,M14,VW2,middle,blocks,2018,13,90,0,4,0,Markus Bauer,4,108-0285,2018-06-20,na,NA,11.653042030703148,48.29163994070322
223,X18M15,M15,VW3,middle,blocks,2018,14,97.5,0,4,0,Markus Bauer,4,108-0284,2018-06-20,na,NA,11.652975197439657,48.29155880119731
224,X18M16,M16,VW4,middle,blocks,2018,19,97.5,0,0,0,Markus Bauer,4,108-0281,2018-06-19,na,NA,11.652854277475756,48.29150447810886
225,X18M17,M17,VW5,middle,blocks,2018,20,90,0,4,1,Markus Bauer,4,108-0280,2018-06-19,na,NA,11.652948610182834,48.29150476229645
226,X18M18,M18,VW6,middle,blocks,2018,20,97.5,0,0,2,Markus Bauer,4,108-0279,2018-06-19,na,NA,11.652827081873026,48.291540368710116
227,X18S01,S01,MM1,south,blocks,2018,21,97.5,0,2,1,Markus Bauer,4,108-0304,2018-06-22,na,NA,11.651660110984622,48.28874897343637
228,X18S02,S02,MM2,south,blocks,2018,19,90,NA,10,0,Markus Bauer,4,108-0305,2018-06-22,na,NA,11.651768280160614,48.288695341583306
229,X18S03,S03,MM3,south,blocks,2018,14,80,0,10,1,Markus Bauer,4,108-0306,2018-06-22,na,NA,11.651810658963173,48.288407689150475
230,X18S04,S04,MM4,south,blocks,2018,20,97.5,0,4,0,Markus Bauer,4,108-0307,2018-06-22,na,NA,11.651917973215157,48.288479958548294
231,X18S05,S05,MM5,south,blocks,2018,17,97.5,0,2,0,Markus Bauer,4,108-0308,2018-06-22,na,NA,11.652038763092959,48.28855226854405
232,X18S06,S06,MM6,south,blocks,2018,19,97.5,0,2,0,Markus Bauer,4,108-0309,2018-06-22,na,NA,11.651998154155649,48.288579125315046
233,X18S07,S07,MW1,south,blocks,2018,17,97.5,0,1,0,Markus Bauer,4,108-327,2018-06-25,na,NA,11.652621306881766,48.288095376227616
234,X18S08,S08,MW2,south,blocks,2018,16,97.5,0,2,1,Markus Bauer,4,108-0328,2018-06-25,na,NA,11.652688804634767,48.28807759343602
235,X18S09,S09,MW3,south,blocks,2018,19,90,0,10,0,Markus Bauer,4,108-0329,2018-06-25,na,NA,11.652810263965039,48.288050980085934
236,X18S10,S10,MW4,south,blocks,2018,15,90,0,10,0,Markus Bauer,4,108-0330,2018-06-25,na,NA,11.65275660661722,48.288014845812754
237,X18S11,S11,MW5,south,blocks,2018,19,90,0,10,0,Markus Bauer,4,108-0331,2018-06-25,na,NA,11.652797275557267,48.28797899581077
238,X18S12,S12,MW6,south,blocks,2018,18,97.5,0,0,4,Markus Bauer,4,108-0332,2018-06-25,na,NA,11.652770325210787,48.28797891459115
239,X18S13,S13,MG1,south,blocks,2018,19,97.5,0,2,0,Markus Bauer,4,108-0333,2018-06-26,na,NA,11.654189157776889,48.2873986276653
240,X18S14,S14,MG2,south,blocks,2018,14,97.5,0,4,0,Markus Bauer,4,108-0334,2018-06-26,na,NA,11.654256532890125,48.28739882986948
241,X18S15,S15,MG3,south,blocks,2018,20,90,0,10,0,Markus Bauer,4,108-0335,2018-06-26,na,NA,11.654350858049904,48.28739911288901
242,X18S16,S16,MG4,south,blocks,2018,20,97.5,0,4,0,Markus Bauer,4,108-0336,2018-06-26,na,NA,11.654364575358915,48.28736318147032
243,X18S17,S17,MG5,south,blocks,2018,20,90,0,10,0,Markus Bauer,4,108-0337,2018-06-26,na,NA,11.654404637012838,48.28741726050159
244,X18S18,S18,MG6,south,blocks,2018,17,90,80,4,0,Markus Bauer,4,108-0338,2018-06-26,na,NA,11.654404273625062,48.28747121826684
