name,X73I1,X73I2,X73I3,X73I4,X73I5,X73I6,X73I7,X73I8,X73I9,X73I10,X73I11,X73I12,X73I13,X73I14,X73I15,X73I16,X73I17,X73I18,X73I19,X73I20,X73I21,X73I22,X73I23,X73I24,X73I25,X73I26,X73I27,X73II1,X73II2,X73II3,X73II4,X73II5,X73II6,X73II7,X73II8,X73II14,X73III1,X73III2,X73III3,X73III16,X84I1,X84I2,X84I3,X84I4,X84I5,X84I6,X84I7,X84I8,X84I9,X84I10,X84I11,X84I12,X84I13,X84I14,X84I15,X84I16,X84I17,X84I18,X84I19,X84I20,X84I21,X84I22,X84I23,X84I24,X84I25,X84I26,X84I27,X84II1,X84II2,X84II3,X84II4,X84II5,X84II6,X84II7,X84II8,X84II14,X84III1,X84III2,X84III3,X84III16,X93I1,X93I2,X93I3,X93I4,X93I5,X93I6,X93I7,X93I8,X93I9,X93I10,X93I11,X93I12,X93I13,X93I14,X93I15,X93I16,X93I17,X93I18,X93I19,X93I20,X93I21,X93I22,X93I23,X93I24,X93I25,X93I26,X93I27,X93II1,X93II2,X93II3,X93II4,X93II5,X93II6,X93II7,X93II8,X93II14,X93III1,X93III2,X93III3,X93III16,X18I1,X18I2,X18I3,X18I4,X18I5,X18I6,X18I7,X18I8,X18I9,X18I10,X18I11,X18I12,X18I13,X18I14,X18I15,X18I16,X18I17,X18I18,X18I19,X18I20,X18I21,X18I22,X18I23,X18I24,X18I25,X18I26,X18I27,X18II1,X18II2,X18II3,X18II4,X18II5,X18II6,X18II7,X18II8,X18II14,X18III1,X18III2,X18III3,X18III16,X03N01,X03N02,X03N03,X03N04,X03N05,X03N06,X03M01,X03M02,X03M03,X03M04,X03M05,X03M06,X03M07,X03M08,X03M09,X03M10,X03M11,X03M12,X03M13,X03M14,X03M15,X03M16,X03M17,X03M18,X03S01,X03S02,X03S03,X03S04,X03S05,X03S06,X03S07,X03S08,X03S09,X03S10,X03S11,X03S12,X03S13,X03S14,X03S15,X03S16,X03S17,X03S18,X18N01,X18N02,X18N03,X18N04,X18N05,X18N06,X18M01,X18M02,X18M03,X18M04,X18M05,X18M06,X18M07,X18M08,X18M09,X18M10,X18M11,X18M12,X18M13,X18M14,X18M15,X18M16,X18M17,X18M18,X18S01,X18S02,X18S03,X18S04,X18S05,X18S06,X18S07,X18S08,X18S09,X18S10,X18S11,X18S12,X18S13,X18S14,X18S15,X18S16,X18S17,X18S18
Acer_platanoides_juv,na,na,na,na,na,na,na,na,na,na,na,na,na,na,na,na,na,na,na,na,na,na,na,na,na,na,na,na,na,na,na,na,na,na,na,na,na,na,na,na,0,0,0,0,0,0,0,0,0,0,0,0,0,0,0,0,0,0,0,0,0,0,0,0,0,0,0,0,0,0,0,0,0,0,0,0,0,0,0,0,0,0,0,0,0,0,0,0,0,0,0,0,0,0,0,0,0,0,0,0,0,0,0,0,0,0,0,0,0,0,0,0,0,0,0,0,0,0,0,0,0,0,0,0,0,0,0,0,0,0,0,0,0,0,0,0,0,0,0,0,0,0,0,0,0,0,0,0,0,0,0,0,0,0,0,0,1,0,0,0,0,0,0,0,0,0,0,0,0,0,0,0,0,0,0,0,0,0,0,0,0,0,0,0,0,0,0,0,0,0,0,0,0,0,0,0,0,0,0,0,0,0,0,0,0,0,0,0,0,0,0,0,0,0,0,0,0,0,0,0,0,0,0,0,0,0,0,0,0,0,0,0,0,0,0,0,0,0,0,0,0,0,0,0
Achillea_millefolium,0,0,0,0,0,0,0,0,0,0,0,0,0,0,0,0,0,0,0,0,0,0,0,0,0,0,0,0,0,0,0,0,0,0,0,0,0,0,0,0,0,0,0,0,0,0,0,0,0,0,0,0,0,0,0,0,0,0,0,0,0,0,0,0,0,0,0,0,0,0,0,0,0,0,0,0,0,0,0,0,12,0,0,0,0,0,0,0,0,0,0,0,0,0,0,0,0,0,0,0,0,0,0,0,0,0,0,5,2,0,0,0,0,0,0,0,0,0,0,0,0,0,0,0,0,0,0,0,0,0,0,0,0,0,0,0,0,0,0,0,0,0,0,0,0,0,0,0,0,0,0,0,0,0,0,0,0,0,0,0,0,0,0,0,0,0,0,0,0,0,0,0,0,0,0,0,0,0,0,0,0,0,0,0,0,0,0,0,0,0,0,0,0,0,0,0,0,0,0,0,0,0,0,0,0,0,0,0,0,0,0,0,0,0,0,0,0,0,0,0,0,0,0,0,0,0,0,0,0,0,0,0,0,0,0,0,0,0,0,0,0,0,0,0
Achillea_seidlii,na,na,na,na,na,na,na,na,na,na,na,na,na,na,na,na,na,na,na,na,na,na,na,na,na,na,na,na,na,na,na,na,na,na,na,na,na,na,na,na,0,0,0,0,0,0,0,0,0,0,0,0,0,0,0,0,0,0,0,0,0,0,0,0,0,0,0,8,0,0,0,0,0,0,0,0,0,0,0,0,0,0,0,0,0,0,0,0,0,0,0,0,0,0,0,0,0,0,0,0,0,0,0,0,0,0,0,0,0,0,0,0,0,0,0,0,0,0,0,0,0,0,0,0,0,0,0,0,0,0,0,0,0,0,0,0,0,0,0,0,0,0,0,0,0,0,0,0,0,0,0,0,0,0,0,0,0,0,0,0,0,0,0,0,0,0,0,0,0,0,0,0,0,0,0,0,0,0,0,0,0,0,0,0,0,0,0,0,0,0,0,0,0,0,0,0,0,0,0,0,0,0,0,0,0,0,0,0,0,0,0,0,0,0,0,0,0,0,0,0,0,0,0,0,0,0,0,0,0,0,0,0,0,0,0,0,0,0,0,0,0,0,0,0
Adonis_vernalis,0,0,2,0,0,0,0,3,0,0,0,0,0,3,0,0,0,3,0,0,0,0,0,0,0,0,0,6,0,0,0,0,0,0,0,0,0,0,0,0,0,0,2,0,0,0,0,0,0,0,0,0,0,0,0,0,0,3,0,0,0,0,0,0,0,0,0,6,0,0,0,0,0,0,0,0,0,0,0,0,0,0,1,0,0,0,0,2,0,0,0,0,0,0,0,0,0,3,0,0,0,0,0,0,0,0,0,5,0,0,0,0,0,0,0,0,0,0,0,0,0,0,0,0,0,0,0,2,0,0,0,0,0,0,0,0,0,1,0,0,0,0,0,0,0,0,0,4,0,0,0,0,0,0,0,0,0,0,0,0,0,0,0,0,0,0,0,0,0,0,0,0,0,0,0,0,0,0,0,0,0,0,0,0,0,1,0,0,0,0,0,0,1,0,0,0,0,0,0,0,0,0,0,0,0,0,0,0,0,0,0,0,0,0,0,0,0,0,0,0,0,0,0,0,0,0,1,1,0,0,0,0,0,0,0,0,0,1,0,0,0,0,0,0
Agrimonia_eupatoria,na,na,na,na,na,na,na,na,na,na,na,na,na,na,na,na,na,na,na,na,na,na,na,na,na,na,na,na,na,na,na,na,na,na,na,na,na,na,na,na,6,0,0,0,0,0,0,0,0,0,0,0,0,0,0,0,0,0,0,0,0,0,0,0,0,0,0,0,0,0,0,0,0,0,0,0,0,0,0,0,9,0,0,0,0,0,0,0,0,0,0,0,0,0,0,0,0,0,0,0,0,0,0,0,0,0,0,0,0,0,0,0,0,0,0,0,0,0,0,0,0,0,0,0,0,0,0,0,0,0,0,0,0,0,0,0,0,0,0,0,0,0,0,0,0,0,0,0,0,0,0,0,0,0,0,0,0,0,0,0,0,0,0,0,0,0,0,0,0,0,0,0,0,0,0,0,0,0,0,0,0,0,0,0,0,0,0,0,0,0,0,0,0,0,0,0,0,0,0,0,0,0,0,0,0,0,0,0,0,0,0,0,0,0,0,0,0,0,0,0,0,0,0,0,0,0,0,0,0,0,0,0,0,0,0,0,0,0,0,0,0,0,0,0
Agrostis_capillaris,na,na,na,na,na,na,na,na,na,na,na,na,na,na,na,na,na,na,na,na,na,na,na,na,na,na,na,na,na,na,na,na,na,na,na,na,na,na,na,na,0,0,0,0,0,0,0,0,0,0,0,0,0,0,0,0,2,0,0,0,0,0,0,0,0,0,0,0,0,0,0,0,0,0,0,0,0,0,0,0,0,0,0,0,0,0,0,0,0,0,0,0,0,0,0,0,0,0,0,0,0,0,0,0,0,0,0,0,0,0,0,0,0,0,0,0,0,0,0,0,2,0,0,0,0,0,0,0,0,0,0,0,0,0,0,0,0,0,0,0,0,0,0,0,0,0,0,0,0,0,0,0,0,0,0,0,0,0,0,0,0,0,0,0,0,0,0,0,0,0,0,0,0,0,0,0,0,0,0,0,0,0,0,0,0,0,0,0,0,0,0,0,0,0,0,0,0,0,0,0,0,0,0,1,0,0,0,0,0,0,0,1,0,0,0,0,0,1,0,0,0,0,0,0,0,0,0,1,0,0,1,0,0,0,1,0,0,0,0,0,0,0,0,0
Allium_carinatum,na,na,na,na,na,na,na,na,na,na,na,na,na,na,na,na,na,na,na,na,na,na,na,na,na,na,na,na,na,na,na,na,na,na,na,na,na,na,na,na,0,0,0,0,0,0,0,0,0,0,0,5,0,4,1,0,0,0,0,0,0,0,0,0,0,0,0,0,0,0,0,0,0,0,0,0,0,0,0,0,0,0,0,0,0,0,0,0,0,0,0,0,0,1,1,0,0,0,0,1,0,0,0,0,0,0,0,0,0,1,0,1,3,0,0,1,0,0,0,0,0,0,0,0,0,0,0,0,0,0,0,0,0,0,0,0,0,0,0,0,0,0,0,0,0,0,0,0,0,0,0,0,0,0,0,0,0,0,0,0,0,0,0,0,0,0,0,0,0,1,0,0,0,0,0,0,0,0,0,0,0,0,0,0,0,0,0,0,0,0,0,0,0,0,0,0,0,0,0,0,0,0,0,0,0,0,0,0,0,0,0,0,0,0,0,0,0,0,0,0,0,0,0,0,0,0,0,0,0,0,0,0,0,0,0,0,0,0,1,0,0,0,0,0
Anemone_patens,0,0,0,1,0,6,0,5,0,0,1,0,0,0,0,0,0,2,0,0,0,0,0,0,0,0,0,0,0,2,0,5,1,1,6,0,0,0,1,0,0,0,0,1,1,6,0,2,1,0,0,0,0,0,0,0,1,3,0,0,0,1,0,0,0,0,0,0,0,0,0,0,0,1,6,0,0,0,1,0,0,0,0,0,0,4,0,2,1,0,0,0,0,0,0,0,2,1,0,0,0,1,1,0,0,0,0,0,0,0,0,1,0,2,7,0,0,0,0,0,0,0,0,2,0,1,0,0,0,0,0,0,0,0,0,0,0,0,0,0,0,0,0,0,0,0,0,0,0,0,0,0,0,0,1,0,0,0,0,0,1,1,0,0,0,0,10,10,10,4,4,4,4,10,10,10,10,4,1,1,1,1,2,1,1,2,2,4,10,3,1,1,0,1,1,2,2,2,2,2,3,3,0,0,0,0,0,0,1,1,1,1,1,2,0,1,1,1,1,0,1,0,0,1,1,1,0,0,0,0,2,1,0,0,0,0,0,0,0,1,1,0,0,0
Anemone_pulsatilla,0,2,9,0,0,0,2,2,0,1,4,0,3,0,5,2,5,1,3,2,0,2,0,1,1,0,0,0,0,0,0,0,0,1,0,0,1,0,0,0,0,0,7,0,2,1,1,2,3,2,6,0,3,1,8,6,6,1,5,3,1,2,0,1,1,0,0,0,0,0,0,0,0,1,0,0,0,0,0,0,0,0,8,2,2,2,1,5,10,4,8,0,5,1,15,1,10,2,2,4,1,4,0,1,1,0,0,0,0,0,0,0,0,1,3,0,0,0,0,0,0,0,1,0,0,2,2,0,1,3,7,0,3,1,13,0,4,2,1,3,0,3,0,0,1,0,0,0,0,0,0,0,0,0,1,0,0,0,0,0,1,10,0,0,1,0,0,1,1,3,1,2,3,0,0,0,1,1,1,0,0,0,0,0,1,1,0,0,0,0,0,1,0,2,1,10,1,0,1,2,1,1,0,1,0,0,0,0,0,0,0,0,0,2,1,0,0,1,1,0,1,0,0,0,0,0,0,1,1,0,0,2,0,1,0,1,1,0,0,0,0,0,0,0
Anthericum_ramosum,0,17,5,5,0,5,0,17,8,17,26,2,50,32,9,6,4,2,12,28,33,32,46,3,13,24,38,0,0,7,0,0,1,8,22,0,2,20,4,14,0,26,16,20,11,34,1,16,16,39,47,20,51,38,6,13,5,3,37,38,47,32,58,0,22,48,39,2,0,10,0,0,1,19,66,0,23,58,39,55,0,72,29,61,47,75,19,40,45,54,68,59,91,73,47,25,12,9,54,60,69,53,71,34,67,83,75,9,6,41,14,24,18,59,98,10,58,98,78,78,0,38,84,24,56,28,55,59,39,57,67,77,78,81,56,56,30,11,59,51,19,74,69,85,68,71,77,0,3,49,61,63,47,86,96,52,57,76,75,44,70,80,40,50,60,50,10,20,30,30,15,10,50,60,30,50,60,60,60,10,20,80,60,30,30,50,30,50,50,80,40,20,30,30,1,40,40,20,10,20,10,2,50,40,10,1,30,4,4,20,20,10,4,4,40,20,20,20,30,30,40,20,10,50,30,40,30,20,20,40,30,30,20,20,10,10,10,2,20,2,1,1,2,1
Anthyllis_vulneraria,na,na,na,na,na,na,na,na,na,na,na,na,na,na,na,na,na,na,na,na,na,na,na,na,na,na,na,na,na,na,na,na,na,na,na,na,na,na,na,na,0,0,1,0,0,0,0,0,0,0,9,1,18,1,0,4,0,1,0,24,12,2,0,6,0,17,0,0,0,0,0,0,0,0,0,3,0,0,0,0,0,0,1,0,1,0,0,0,0,0,1,3,4,3,1,4,0,0,0,13,5,3,0,0,0,0,0,0,0,0,0,1,0,0,0,0,0,0,0,0,0,0,5,0,1,0,0,0,0,0,4,0,0,6,0,0,0,0,0,0,1,0,2,5,0,0,0,0,0,0,3,0,0,0,0,0,0,0,0,0,1,0,0,0,0,0,1,0,1,1,1,3,1,1,0,0,1,0,2,0,2,0,1,1,1,0,0,0,0,0,1,0,0,0,0,0,0,0,0,0,0,0,0,0,0,0,0,0,1,1,0,0,0,1,1,1,0,0,1,0,1,0,0,0,0,0,0,0,0,0,1,0,1,1,0,0,0,0,0,1,1,0,0,0
Arenaria_serpyllifolia,na,na,na,na,na,na,na,na,na,na,na,na,na,na,na,na,na,na,na,na,na,na,na,na,na,na,na,na,na,na,na,na,na,na,na,na,na,na,0,0,0,0,0,0,0,0,0,0,0,0,0,0,0,0,0,0,0,0,0,0,0,0,0,0,0,0,0,0,0,0,0,0,0,0,0,0,0,0,0,0,0,0,0,1,0,0,0,0,0,0,0,0,0,0,0,0,0,0,0,0,0,0,0,0,0,0,0,0,0,0,0,0,0,0,0,0,0,0,0,0,0,0,0,0,0,0,0,0,0,0,0,0,0,0,0,0,0,0,0,0,0,0,0,0,0,0,0,0,0,0,0,0,0,0,0,0,0,0,0,0,0,0,0,0,0,0,0,0,0,0,0,0,0,0,0,0,0,0,0,0,0,0,0,0,0,0,0,0,0,0,0,0,0,0,0,0,0,0,0,0,0,0,0,0,0,0,0,0,0,0,0,0,0,0,0,0,0,0,0,0,0,0,0,0,0,0,0,0,0,0,0,0,0,0,0,0,0,0,0,0,0,0,0,0
Arrhenatherum_elatius,na,na,na,na,na,na,na,na,na,na,na,na,na,na,na,na,na,na,na,na,na,na,na,na,na,na,na,na,na,na,na,na,na,na,na,na,na,na,na,na,82,0,0,0,0,0,0,0,0,0,0,0,0,0,0,0,0,0,0,0,0,0,0,0,0,0,0,0,0,0,0,0,0,0,0,0,1,0,0,0,0,0,0,1,0,0,0,0,0,0,0,0,0,0,0,0,0,0,0,0,0,0,0,0,0,0,0,1,0,0,0,0,0,0,0,0,0,0,0,0,0,0,0,0,0,0,0,0,0,0,0,0,0,0,0,0,0,0,0,0,0,0,0,0,0,0,0,0,0,0,0,0,0,0,0,0,0,0,0,0,0,0,0,0,0,0,0,0,0,0,0,0,0,0,0,0,0,0,0,0,0,0,0,0,0,0,0,0,0,0,0,0,0,0,0,0,0,0,0,0,0,0,0,0,0,0,0,0,0,0,0,0,0,0,0,0,0,0,0,0,0,0,0,0,0,0,0,0,0,0,0,0,0,0,0,0,0,0,0,0,0,0,0,0
Asperula_cynanchica,na,na,na,na,na,na,na,na,na,na,na,na,na,na,na,na,na,na,na,na,na,na,na,na,na,na,na,na,na,na,na,na,na,na,na,na,na,na,na,na,0,10,12,16,8,4,14,9,3,26,10,9,16,18,3,24,22,18,12,7,8,9,21,21,5,16,4,0,0,16,2,6,6,10,2,12,0,0,0,0,0,0,3,0,4,1,0,17,0,25,6,0,0,2,2,9,4,3,1,0,0,1,0,3,0,1,0,0,0,5,5,6,0,0,0,0,2,0,1,2,0,6,11,8,4,22,32,13,4,5,12,4,3,5,10,8,28,16,11,6,2,3,5,5,4,15,1,0,3,9,0,16,3,0,0,0,12,7,6,12,1,1,0,1,1,0,0,1,0,1,1,1,0,1,1,1,1,1,1,1,1,1,1,1,1,1,1,1,1,1,1,2,1,0,1,1,0,0,1,1,0,0,0,1,1,1,0,0,1,0,1,1,1,1,1,1,1,1,1,1,1,0,1,0,1,1,1,1,1,0,1,0,1,1,1,1,1,1,1,1,1,1,1,1
Asperula_tinctoria,na,na,na,na,na,na,na,na,na,na,na,na,na,na,na,na,na,na,na,na,na,na,na,na,na,na,na,na,na,na,na,na,na,na,na,na,na,na,na,na,0,19,39,20,10,18,23,16,17,32,10,15,13,33,18,35,44,15,5,15,9,10,12,27,5,17,2,0,6,5,20,17,3,2,0,30,56,19,4,9,0,23,5,2,19,12,22,38,46,39,27,26,30,54,16,39,55,46,19,24,24,35,48,60,24,19,5,0,15,9,57,52,11,7,11,52,60,24,26,11,0,5,5,1,0,16,18,8,5,8,10,4,6,3,7,12,26,8,11,11,1,0,2,3,2,4,2,1,1,7,35,7,20,3,5,5,3,3,1,13,1,0,1,0,0,1,0,0,1,1,0,0,0,0,0,0,0,0,1,0,0,0,1,1,0,0,0,0,0,1,0,1,0,0,0,0,0,1,0,0,1,1,1,1,1,1,1,1,0,0,0,1,0,0,0,0,1,1,0,1,0,0,1,0,1,0,0,1,0,0,1,0,0,0,0,0,0,0,0,0,0,1,0,0
Aster_amellus,0,0,0,0,0,0,0,0,0,0,0,0,0,0,0,0,0,0,0,0,0,0,0,0,0,0,0,0,0,0,0,0,0,0,0,0,0,0,0,0,0,0,0,0,0,0,0,0,0,0,0,0,0,0,0,0,0,0,0,0,0,0,0,0,0,0,0,0,0,1,0,0,3,0,0,0,2,1,0,0,0,0,0,0,0,0,0,0,0,0,0,0,0,0,0,0,0,0,0,0,0,0,0,0,0,0,0,0,0,0,0,0,0,0,0,0,0,0,0,0,0,0,0,0,0,0,0,0,0,0,0,0,0,0,0,0,0,0,0,0,0,0,0,0,0,0,0,0,0,0,0,0,0,0,0,0,0,0,0,0,0,0,0,0,0,0,0,0,0,0,0,0,0,0,0,0,0,0,0,0,0,0,0,0,0,0,0,0,0,0,0,0,0,0,0,0,0,0,0,0,0,0,0,0,0,0,0,0,0,0,0,0,0,0,0,0,0,0,0,0,0,0,0,0,0,0,0,0,0,0,0,0,0,0,0,0,0,0,0,0,0,0,0,0
Biscutella_laevigata,0,0,0,0,0,0,0,0,0,0,0,0,2,0,0,0,0,0,0,1,1,0,0,0,0,0,0,0,0,0,1,0,0,0,0,0,0,1,0,0,0,0,0,0,0,0,0,0,0,0,0,0,0,0,0,0,1,0,0,0,0,0,0,2,0,0,0,0,0,0,1,0,0,0,0,1,0,2,0,0,0,0,0,0,0,0,2,0,0,0,1,5,0,1,2,0,0,0,1,0,0,0,1,2,0,1,0,0,0,0,1,2,0,0,1,1,0,4,0,0,0,0,0,2,1,0,1,0,0,0,0,0,0,0,1,0,0,0,0,0,0,0,1,0,0,0,0,0,0,0,0,0,0,1,1,0,0,0,1,0,1,1,0,1,1,0,1,0,0,1,1,1,1,1,0,1,1,1,1,1,0,1,1,1,0,1,1,1,10,10,1,1,2,0,0,1,1,1,1,1,1,1,0,0,1,0,0,0,1,0,0,0,0,1,1,0,0,1,1,1,1,0,1,0,1,1,0,1,1,1,1,1,1,0,1,0,0,0,0,0,1,2,0,0
Brachypodium_pinnatum,na,na,na,na,na,na,na,na,na,na,na,na,na,na,na,na,na,na,na,na,na,na,na,na,na,na,na,na,na,na,na,na,na,na,na,na,na,na,na,na,3,49,36,35,58,33,23,17,10,60,37,44,37,17,52,51,50,52,36,48,31,48,45,42,84,51,81,47,6,47,34,22,46,50,53,52,70,39,61,44,97,93,95,43,89,65,77,90,32,51,51,52,47,37,57,87,79,93,91,60,44,85,79,62,98,71,97,99,84,84,55,90,99,95,83,94,89,100,100,94,95,96,87,61,82,77,67,93,79,90,54,75,89,48,65,68,91,94,78,97,77,81,74,38,65,88,85,95,71,57,62,72,93,72,72,62,77,98,69,87,4,50,4,0,4,15,0,2,1,0,1,1,1,10,20,0,5,1,2,30,3,1,3,1,1,3,10,4,10,0,4,4,15,4,0,2,10,20,3,20,4,4,2,10,4,60,4,10,10,4,20,40,30,20,4,20,2,10,4,4,1,2,4,1,4,2,20,20,10,4,10,4,10,10,20,4,30,20,10,2,20,4,10,2
Briza_media,na,na,na,na,na,na,na,na,na,na,na,na,na,na,na,na,na,na,na,na,na,na,na,na,na,na,na,na,na,na,na,na,na,na,na,na,na,na,na,na,0,0,2,0,0,0,0,0,0,0,0,0,1,0,0,0,0,0,0,0,0,0,0,1,0,1,6,0,0,2,0,0,0,1,0,5,3,5,6,0,0,0,0,0,0,0,0,0,0,0,0,0,0,0,0,0,0,6,2,7,7,3,4,4,1,0,0,0,0,0,8,6,0,1,1,5,8,2,6,0,0,5,24,39,8,1,11,6,0,8,13,2,1,3,29,0,4,1,2,3,3,10,8,7,25,1,0,1,16,1,11,3,0,2,3,0,0,0,0,4,0,0,0,0,0,0,1,0,1,2,2,0,1,0,0,0,0,0,0,0,0,0,0,1,0,0,0,0,0,0,1,0,0,0,0,0,0,0,2,1,2,2,0,1,1,0,1,0,1,1,1,1,1,1,1,1,1,1,0,0,1,0,1,1,1,1,1,1,0,1,1,1,1,1,1,0,1,1,1,1,1,1,1,1
Bromus_erectus,na,na,na,na,na,na,na,na,na,na,na,na,na,na,na,na,na,na,na,na,na,na,na,na,na,na,na,na,na,na,na,na,na,na,na,na,na,na,na,na,6,32,6,5,15,15,7,11,11,37,27,5,13,10,35,35,27,14,25,15,10,2,37,26,35,30,43,40,6,36,11,15,24,25,5,34,35,29,36,4,0,19,5,11,1,12,21,44,25,45,34,9,12,18,26,42,21,37,26,43,16,21,53,31,18,42,52,5,25,59,15,32,31,24,25,35,49,22,64,34,67,31,25,0,10,18,18,16,24,29,20,5,5,9,19,37,22,28,39,31,24,16,15,11,16,19,28,43,14,32,13,22,31,37,16,30,22,23,23,18,0,0,1,1,1,5,1,0,0,1,1,0,0,1,1,0,1,1,0,2,2,0,1,0,1,1,0,0,0,1,0,0,0,0,0,0,0,0,4,2,1,0,1,2,2,1,0,10,1,1,1,1,1,2,1,2,1,1,1,1,1,2,2,1,2,1,2,2,2,2,1,2,1,1,1,2,2,2,4,1,4,2,10,10
Buphthalmum_salicifolium,0,0,4,2,2,0,2,0,0,0,0,1,4,1,2,1,0,1,4,0,0,1,0,3,0,0,0,0,0,0,0,1,0,1,0,0,0,5,5,1,0,1,7,16,15,2,7,5,0,1,3,4,4,8,2,15,0,3,33,5,0,11,0,15,0,1,0,1,0,0,1,0,3,5,4,0,0,10,2,1,2,0,5,9,23,7,8,10,6,2,6,8,3,11,5,2,5,1,8,1,0,9,1,1,4,1,1,0,0,0,34,8,16,20,31,3,1,29,5,5,0,0,4,1,0,3,0,0,0,0,0,10,5,8,9,0,0,0,3,0,0,1,0,0,0,0,0,1,11,1,1,0,8,10,7,0,0,2,0,0,0,1,0,1,1,0,3,1,2,1,1,2,1,2,1,0,0,0,2,0,3,2,1,1,2,2,3,4,2,2,0,2,2,4,3,2,4,4,4,15,10,4,0,0,1,0,0,0,0,0,1,1,2,1,1,1,1,1,1,1,1,0,1,1,1,1,0,2,0,1,4,4,1,2,0,2,1,0,0,0,0,0,0,0
Campanula_glomerata,na,na,na,na,na,na,na,na,na,na,na,na,na,na,na,na,na,na,na,na,na,na,na,na,na,na,na,na,na,na,na,na,na,na,na,na,na,na,na,na,4,0,0,0,0,0,0,0,0,0,0,0,0,0,0,0,0,0,0,0,0,0,0,0,0,0,0,0,0,0,0,0,0,0,0,0,0,0,0,0,59,0,1,0,2,0,0,0,0,0,0,0,0,0,0,0,0,0,0,0,0,0,0,0,0,0,0,0,0,0,0,0,0,0,0,0,0,0,0,0,0,0,0,3,0,0,0,0,0,0,0,0,0,0,0,0,0,0,0,0,0,0,0,0,0,0,0,0,0,0,0,0,0,0,0,0,0,0,0,0,0,0,0,0,0,0,0,0,1,0,0,0,0,0,0,0,0,0,0,0,0,0,0,0,0,0,0,0,0,0,0,0,0,0,0,0,0,0,0,0,0,0,0,0,0,0,0,0,0,0,0,0,0,0,0,0,0,0,0,0,0,0,0,0,0,0,0,0,0,0,0,0,0,0,0,0,0,0,1,1,0,0,0,0
Campanula_rotundifolia,na,na,na,na,na,na,na,na,na,na,na,na,na,na,na,na,na,na,na,na,na,na,na,na,na,na,na,na,na,na,na,na,na,na,na,na,na,na,na,na,0,1,2,2,0,0,1,0,0,0,0,0,1,3,0,1,2,3,0,1,0,2,2,0,5,0,0,5,0,0,0,0,0,1,1,1,1,2,2,0,0,0,0,0,0,0,1,0,0,0,0,1,0,0,0,6,2,5,1,2,0,1,3,0,4,0,1,0,1,0,0,0,0,2,7,4,2,3,2,0,0,0,0,0,0,0,1,0,0,0,0,0,0,0,0,0,0,0,0,0,0,0,0,0,0,0,0,0,0,0,0,0,0,0,0,0,0,0,0,0,0,0,0,0,0,1,0,1,0,0,0,1,1,0,1,1,0,0,0,0,0,0,0,0,0,0,0,0,1,0,0,0,0,0,0,0,0,0,0,0,0,0,0,0,0,0,0,0,0,0,0,0,0,0,0,0,0,0,0,0,0,0,0,0,0,0,0,0,0,0,0,0,0,0,0,0,0,0,0,0,0,1,0,1
Carduus_defloratus,na,na,na,na,na,na,na,na,na,na,na,na,na,na,na,na,na,na,na,na,na,na,na,na,na,na,na,na,na,na,na,na,na,na,na,na,na,na,na,na,0,0,5,31,18,20,20,0,10,6,2,2,0,9,0,0,0,14,0,0,0,0,0,0,0,2,0,0,0,0,8,7,19,3,6,0,0,10,0,0,2,0,1,11,23,26,23,0,13,7,3,16,3,16,5,0,0,11,1,0,0,0,0,0,0,0,0,0,0,0,18,10,1,2,11,0,0,6,0,0,0,0,0,25,13,7,0,0,0,1,2,5,2,7,0,0,0,6,2,0,0,0,0,0,0,1,0,0,0,0,2,0,0,2,1,0,0,0,0,0,0,0,0,0,0,0,0,0,0,0,0,0,0,0,0,0,0,0,0,1,0,0,0,0,0,1,2,1,1,2,0,4,2,1,4,4,2,4,10,4,20,0,0,0,0,0,0,0,1,0,0,0,0,0,0,0,0,0,0,0,0,0,0,0,0,0,0,0,0,0,0,2,4,2,2,4,10,1,0,1,1,2,1,0
Carex_caryophyllea,na,na,na,na,na,na,na,na,na,na,na,na,na,na,na,na,na,na,na,na,na,na,na,na,na,na,na,na,na,na,na,na,na,na,na,na,na,na,na,na,4,3,21,26,20,17,8,6,6,12,14,14,11,12,6,13,9,3,23,25,26,12,23,19,6,2,3,0,0,0,4,20,16,24,10,2,2,12,10,14,0,9,67,47,58,51,63,22,19,30,38,36,41,41,29,7,51,24,47,47,79,64,68,54,34,8,15,18,8,22,27,38,21,42,42,9,63,32,51,47,5,0,6,2,0,0,0,0,0,2,0,0,0,0,1,2,0,0,0,1,0,4,0,1,2,0,0,1,1,1,0,0,2,0,0,0,2,2,0,0,0,0,0,0,1,0,4,0,2,4,1,0,0,0,0,0,0,0,0,0,1,0,0,0,0,0,0,0,0,0,0,0,0,0,0,0,0,0,0,1,0,0,1,0,0,0,0,0,0,0,0,0,0,0,1,0,1,0,0,0,0,0,0,1,0,0,1,0,0,0,0,0,0,0,1,0,0,0,0,0,0,0,0,0
Carex_ericetorum,na,na,na,na,na,na,na,na,na,na,na,na,na,na,na,na,na,na,na,na,na,na,na,na,na,na,na,na,na,na,na,na,na,na,na,na,na,na,na,na,0,0,8,14,3,6,10,2,8,5,0,0,0,3,0,6,6,3,0,5,2,0,4,2,5,0,0,0,0,4,2,1,10,13,0,5,19,9,17,18,0,0,13,0,0,0,2,1,0,0,0,0,0,0,0,1,1,0,0,0,0,0,0,0,1,0,0,1,0,1,0,0,2,0,0,0,0,0,0,0,0,0,2,5,0,0,6,0,0,8,1,1,1,10,3,0,0,0,2,1,0,7,1,0,1,3,0,0,0,0,0,0,0,0,0,0,0,2,0,0,0,0,0,0,0,0,1,0,1,0,1,10,2,0,0,0,2,1,0,2,0,0,0,0,0,0,0,0,0,0,0,1,2,1,1,0,0,0,0,0,0,0,0,1,1,0,0,0,0,0,0,0,0,0,0,0,0,0,0,0,0,0,0,0,0,0,1,0,0,0,0,0,0,1,1,0,1,0,0,0,1,0,0,0
Carex_flacca,na,na,na,na,na,na,na,na,na,na,na,na,na,na,na,na,na,na,na,na,na,na,na,na,na,na,na,na,na,na,na,na,na,na,na,na,na,na,na,na,0,0,0,0,0,6,0,0,0,0,0,0,0,0,0,0,0,0,0,0,0,0,0,0,0,0,0,0,0,0,0,0,0,0,0,0,0,0,0,0,0,0,0,0,0,0,0,0,0,0,0,0,0,0,0,0,0,0,0,0,0,0,0,0,0,0,0,0,0,0,0,0,0,0,0,0,0,0,0,0,0,0,0,0,0,0,0,0,0,0,0,0,0,0,0,0,0,0,0,0,0,0,0,0,0,0,0,0,0,0,0,0,0,0,0,0,0,0,0,0,0,0,0,0,0,0,0,0,0,0,0,0,0,0,0,0,0,0,0,0,0,0,0,0,0,0,0,0,0,0,0,0,0,0,0,0,0,0,0,0,0,0,0,0,0,0,0,0,0,0,0,0,0,0,0,0,0,0,0,0,0,0,0,0,0,0,0,0,0,0,0,0,0,0,0,0,0,0,0,0,0,0,0,0
Carex_humilis,0,95,90,94,88,94,85,86,70,94,86,97,97,96,95,85,85,90,92,83,85,95,95,85,87,91,85,30,73,69,96,91,90,89,95,90,38,90,80,51,3,88,98,86,97,88,94,92,92,100,96,92,95,94,94,95,90,91,95,85,86,97,96,87,80,96,83,19,73,90,97,100,75,96,94,81,60,87,86,74,0,98,73,97,95,88,95,94,95,91,94,95,95,99,82,59,92,97,97,93,94,96,86,97,94,99,94,36,66,99,97,100,87,99,98,83,69,95,93,68,61,35,69,71,68,59,47,46,36,44,36,67,58,72,61,46,37,37,61,31,50,68,54,60,61,67,52,47,55,51,41,51,63,69,67,83,39,80,77,74,40,20,40,30,30,30,20,20,30,20,20,30,20,10,0,50,30,30,20,10,15,15,10,30,30,40,80,50,50,60,60,50,60,60,40,70,50,40,60,70,40,30,40,30,50,10,50,40,40,50,40,30,40,30,40,30,30,40,40,30,30,60,60,40,40,50,20,20,30,40,30,30,30,30,30,40,20,30,40,40,40,50,50,30
Carex_montana,na,na,na,na,na,na,na,na,na,na,na,na,na,na,na,na,na,na,na,na,na,na,na,na,na,na,na,na,na,na,na,na,na,na,na,na,na,na,na,na,0,5,5,0,6,0,1,1,0,0,1,5,3,1,4,5,0,2,4,0,7,5,0,0,0,0,0,8,12,0,0,0,4,8,3,0,11,1,0,0,0,0,0,0,7,0,1,1,0,0,0,1,0,0,0,0,0,0,0,0,0,0,0,0,0,0,0,39,9,0,0,0,0,0,44,1,5,0,0,1,0,0,3,0,0,0,1,0,0,0,0,4,0,1,0,0,0,0,0,0,0,1,0,0,0,0,0,3,5,1,0,0,0,1,6,0,4,0,0,0,0,0,0,0,0,0,0,0,0,0,0,0,0,1,1,0,0,0,0,0,0,0,0,0,0,0,0,0,0,0,0,0,1,0,0,0,0,0,0,0,0,0,0,0,0,0,0,0,0,0,0,0,0,0,1,20,30,1,0,2,0,0,0,0,0,0,0,2,0,2,4,10,0,0,0,0,0,0,0,0,0,0,0,0
Carlina_acaulis,na,na,na,na,na,na,na,na,na,na,na,na,na,na,na,na,na,na,na,na,na,na,na,na,na,na,na,na,na,na,na,na,na,na,na,na,na,na,na,na,0,0,0,0,0,0,0,0,0,0,0,0,0,0,0,0,0,0,0,0,0,0,0,0,0,0,0,0,0,0,0,0,0,0,0,0,0,0,0,0,0,0,0,0,0,0,0,0,0,0,0,0,0,0,0,0,0,0,0,0,0,0,0,0,0,0,0,0,0,0,0,0,0,0,0,0,0,0,0,0,0,0,0,0,0,0,0,0,0,0,0,0,0,0,0,0,0,0,0,0,0,0,0,0,0,0,0,0,0,0,0,0,0,0,0,0,0,0,0,0,0,0,0,0,0,0,0,0,1,0,0,0,0,1,0,0,0,0,0,0,0,0,0,0,0,0,0,0,0,0,0,0,0,0,0,0,0,0,0,0,0,1,0,0,0,0,0,0,0,1,0,0,0,0,0,0,0,0,0,0,0,0,0,0,0,0,0,0,0,0,0,0,0,0,0,0,0,0,0,0,0,0,0,0
Centaurea_pannonica,na,na,na,na,na,na,na,na,na,na,na,na,na,na,na,na,na,na,na,na,na,na,na,na,na,na,na,na,na,na,na,na,na,na,na,na,na,na,na,na,0,0,1,1,2,4,3,2,3,3,1,8,0,4,1,3,4,2,0,6,9,5,0,5,2,18,9,0,0,0,5,9,3,6,1,4,0,1,0,0,0,0,0,2,2,2,3,0,0,3,10,19,1,2,5,0,13,2,2,10,7,5,1,2,15,14,6,0,0,0,4,4,0,9,2,10,0,4,2,11,0,0,1,8,14,9,3,0,0,6,10,13,10,15,5,2,1,3,3,11,4,4,2,0,2,1,18,0,0,0,1,0,0,2,1,6,0,2,3,1,1,0,2,1,0,1,0,1,1,1,1,1,1,3,3,3,1,1,1,1,1,1,1,2,0,1,0,1,1,1,1,1,1,1,1,2,1,0,0,0,1,0,1,2,4,0,4,4,1,1,0,1,2,4,1,1,1,2,1,1,2,1,1,1,2,1,1,2,0,1,4,2,4,4,4,2,1,1,1,1,0,0,0,0
Centaurea_scabiosa,na,na,na,na,na,na,na,na,na,na,na,na,na,na,na,na,na,na,na,na,na,na,na,na,na,na,na,na,na,na,na,na,na,na,na,na,na,na,na,na,0,2,2,0,2,0,0,2,0,4,0,0,0,1,0,0,0,0,0,0,4,0,0,0,3,1,0,0,0,0,0,0,0,0,1,0,5,6,3,12,0,0,0,0,1,0,0,0,0,0,0,0,0,3,0,0,0,0,0,4,2,0,0,0,2,3,2,0,0,0,3,0,0,0,3,4,1,0,0,1,2,0,2,13,4,3,6,0,0,1,0,0,0,3,2,1,0,0,6,2,3,0,2,0,1,1,1,0,1,2,2,1,0,0,1,2,0,4,1,1,1,2,1,1,1,2,2,1,1,1,1,1,1,1,1,1,1,2,2,3,2,2,2,1,0,0,0,1,1,1,0,2,2,0,1,1,1,0,1,0,1,1,2,2,4,0,4,2,4,0,1,2,1,2,1,0,1,1,1,1,1,1,1,1,2,1,0,1,0,1,1,2,0,2,2,2,2,1,1,0,0,1,0,0
Cirsium_arvense,na,na,na,na,na,na,na,na,na,na,na,na,na,na,na,na,na,na,na,na,na,na,na,na,na,na,na,na,na,na,na,na,na,na,na,na,na,na,0,0,0,0,0,0,0,0,0,0,0,0,0,0,0,0,0,0,0,0,0,0,0,0,0,0,0,0,0,0,0,0,0,0,0,0,0,0,0,0,0,0,1,0,0,0,0,0,0,0,0,0,0,0,0,0,0,0,0,0,0,0,0,0,0,0,0,0,0,0,0,0,0,0,0,0,0,0,0,0,0,0,0,0,0,0,0,0,0,0,0,0,0,0,0,0,0,0,0,0,0,0,0,0,0,0,0,0,0,0,0,0,0,0,0,0,0,0,0,0,0,0,0,0,0,0,0,0,0,0,0,0,0,0,0,0,0,0,0,0,0,0,0,0,0,0,0,0,0,0,0,0,0,0,0,0,0,0,0,0,0,0,0,0,0,0,0,0,0,0,0,0,0,0,0,0,0,0,0,0,0,0,0,0,0,0,0,0,0,0,0,0,0,0,0,0,0,0,0,0,0,0,0,0,0,0
Convolvulus_arvensis,na,na,na,na,na,na,na,na,na,na,na,na,na,na,na,na,na,na,na,na,na,na,na,na,na,na,na,na,na,na,na,na,na,na,na,na,na,na,0,0,0,0,0,0,0,0,0,0,0,0,0,0,0,0,0,0,0,0,0,0,0,0,0,0,0,0,0,0,0,0,0,0,0,0,0,0,0,0,0,0,1,0,0,0,0,0,0,0,0,0,0,0,0,0,0,0,0,0,0,0,0,0,0,0,0,0,0,0,0,0,0,0,0,0,0,0,0,0,0,0,0,0,0,0,0,0,0,0,0,0,0,0,0,0,0,0,0,0,0,0,0,0,0,0,0,0,0,0,0,0,0,0,0,0,0,0,0,0,0,0,0,0,0,0,0,0,0,0,0,0,0,0,0,0,0,0,0,0,0,0,0,0,0,0,0,0,0,0,0,0,0,0,0,0,0,0,0,0,0,0,0,0,0,0,0,0,0,0,0,0,0,0,0,0,0,0,0,0,0,0,0,0,0,0,0,0,0,0,0,0,0,0,0,0,0,0,0,0,0,0,0,0,0,0
Coronilla_vaginalis,0,0,0,0,0,0,0,0,0,0,0,0,0,0,0,0,0,0,0,0,0,0,0,0,0,0,0,0,0,0,0,0,0,0,0,0,0,0,0,0,0,0,0,0,0,0,0,0,0,0,0,0,0,0,0,0,0,0,0,0,0,0,0,0,0,0,0,0,0,0,0,0,0,0,0,2,0,0,0,0,0,0,0,0,0,0,0,0,0,0,0,0,0,0,0,0,0,0,0,0,0,0,0,0,0,0,0,0,0,0,0,0,0,0,0,0,0,0,0,0,0,0,0,0,0,0,0,0,0,0,0,0,0,0,0,0,0,0,0,0,0,0,0,0,0,0,0,0,0,0,0,0,0,0,0,0,0,0,0,0,0,0,0,0,0,0,0,0,0,0,0,0,0,0,0,0,0,0,0,0,0,0,0,0,0,0,0,0,0,0,0,0,0,0,0,0,0,0,0,0,0,0,0,0,0,0,0,0,0,0,0,0,0,0,0,0,0,0,0,0,0,0,0,0,0,0,0,0,0,0,0,0,0,0,0,0,0,0,0,0,0,0,0,0
Crepis_alpestris,0,0,0,0,0,0,0,0,0,0,0,0,0,0,0,0,0,0,0,0,0,0,0,0,0,0,0,0,0,0,0,0,0,0,0,0,0,0,0,0,0,0,0,0,0,0,0,0,0,0,0,0,0,0,0,0,0,0,0,0,0,0,0,0,0,0,0,0,0,0,0,0,0,0,0,0,0,0,0,0,0,0,0,0,0,0,1,0,0,0,0,13,0,0,0,0,0,0,3,0,0,0,0,0,0,0,0,0,0,0,0,0,0,0,0,0,0,0,0,0,0,0,0,0,0,0,0,0,0,0,0,0,0,0,0,0,0,0,0,0,0,0,0,0,0,0,0,0,0,0,0,0,0,0,0,0,0,0,0,0,0,0,0,0,0,0,0,0,0,0,0,0,0,0,0,0,0,0,0,0,0,0,0,0,0,0,0,0,0,0,0,0,0,0,0,0,0,0,0,0,0,0,0,0,0,0,0,0,0,0,0,0,0,0,0,0,0,0,0,0,0,0,0,0,0,0,0,0,0,0,0,0,0,0,0,0,0,0,0,0,0,0,0,0
Cuscuta_epithymum,na,na,na,na,na,na,na,na,na,na,na,na,na,na,na,na,na,na,na,na,na,na,na,na,na,na,na,na,na,na,na,na,na,na,na,na,na,na,na,na,0,0,0,0,0,0,0,3,0,0,4,0,0,0,0,2,0,0,0,0,0,0,0,0,0,0,0,0,0,0,0,0,0,0,0,0,0,12,0,0,0,0,0,0,0,0,0,0,0,0,0,0,0,0,0,0,0,0,0,0,0,0,0,0,0,0,0,0,0,0,0,0,0,0,0,0,0,0,0,0,0,0,0,0,0,0,0,0,0,0,0,0,0,0,0,0,0,0,0,0,0,0,0,0,0,0,0,0,0,0,0,0,0,0,0,0,0,0,0,0,0,0,0,0,0,0,0,0,0,0,0,0,0,0,0,0,0,0,0,0,0,0,0,0,0,0,0,0,0,0,0,0,0,0,0,0,0,0,0,0,0,0,0,0,0,0,0,0,0,0,0,0,0,0,0,0,0,0,0,0,0,0,0,0,0,0,0,0,0,0,0,0,0,0,0,0,0,0,0,0,0,0,0,0
Cytisus_ratisbonensis,0,0,0,0,0,0,0,0,0,0,7,5,0,2,3,2,0,4,0,0,7,0,0,1,1,1,1,0,0,0,4,3,1,0,0,12,1,20,0,9,0,0,2,2,15,0,10,1,5,0,10,14,0,5,10,10,7,11,0,2,1,0,0,1,2,4,5,0,0,1,6,14,0,0,0,12,4,16,0,5,0,0,0,16,0,0,19,5,7,1,12,7,0,2,19,12,9,14,0,3,5,2,0,1,7,1,7,2,0,0,19,16,0,2,5,11,1,8,0,13,1,0,0,3,2,0,6,0,0,3,8,10,2,3,6,3,16,15,0,3,1,0,0,0,1,0,5,0,1,0,7,2,9,0,0,1,5,3,0,0,0,1,0,0,0,0,0,1,0,1,0,1,0,0,0,0,0,1,0,1,0,0,1,1,0,0,1,0,0,0,0,0,0,0,0,0,0,0,0,0,0,1,0,0,1,0,0,0,0,0,0,0,1,1,0,0,0,1,1,1,1,0,0,0,1,0,0,0,0,0,2,1,0,0,1,0,0,4,1,0,1,1,4,1
Dactylis_glomerata,na,na,na,na,na,na,na,na,na,na,na,na,na,na,na,na,na,na,na,na,na,na,na,na,na,na,na,na,na,na,na,na,na,na,na,na,na,na,na,na,0,0,0,0,0,0,0,0,0,0,0,0,0,0,0,0,0,0,0,0,0,0,0,0,0,0,0,0,0,0,0,0,0,0,0,0,0,0,0,1,0,0,0,0,0,0,0,0,0,0,0,0,0,0,0,0,0,0,0,0,0,0,0,0,0,0,0,0,0,0,0,0,0,0,0,0,0,0,0,0,1,0,0,0,0,0,0,0,0,0,0,0,0,1,0,0,0,0,0,0,0,0,0,0,0,0,0,0,0,0,0,0,0,0,0,0,0,0,0,0,0,0,0,0,0,0,0,0,0,0,0,0,0,0,0,0,0,0,0,0,0,0,0,0,0,0,0,0,0,0,0,0,0,0,0,0,0,0,0,0,0,0,0,0,0,0,0,0,0,0,0,0,0,0,0,0,0,0,0,0,0,0,0,0,0,0,0,0,0,0,0,0,0,0,0,0,0,0,0,0,0,0,0,0
Danthonia_decumbens,na,na,na,na,na,na,na,na,na,na,na,na,na,na,na,na,na,na,na,na,na,na,na,na,na,na,na,na,na,na,na,na,na,na,na,na,na,na,na,na,0,0,0,0,0,1,0,0,0,0,0,0,3,0,0,0,0,0,0,0,0,0,0,0,0,0,0,0,0,0,0,0,0,16,0,0,0,1,6,0,0,0,0,0,0,0,0,0,0,0,0,0,0,0,0,0,0,0,0,4,0,0,0,0,0,1,0,0,1,0,0,4,3,53,2,0,0,21,14,1,0,0,0,0,0,3,0,0,0,0,0,0,0,0,0,0,0,0,0,3,0,5,4,0,0,3,0,0,6,0,0,1,0,6,0,0,0,4,4,2,0,0,1,1,2,1,0,1,1,0,0,1,0,0,0,1,0,0,0,1,1,0,0,0,0,0,0,0,0,0,0,0,0,0,0,0,0,0,0,0,0,0,1,1,1,1,1,0,1,1,1,1,1,1,1,1,1,1,1,1,1,1,1,1,1,1,1,1,0,1,1,1,1,1,1,1,0,0,1,1,1,0,0,0
Daphne_cneorum,0,0,1,2,0,0,0,0,1,0,0,2,0,0,0,0,0,0,0,1,0,7,0,0,0,0,2,0,5,0,2,0,6,2,0,18,0,0,0,0,0,0,0,2,0,0,0,1,0,0,0,2,0,0,0,0,0,0,0,0,0,2,0,0,2,0,0,0,0,0,0,0,0,0,0,0,1,0,0,2,0,0,0,0,0,0,0,0,0,0,0,0,0,0,0,0,0,0,0,0,0,1,0,0,0,0,0,0,0,0,0,0,0,1,0,0,1,0,0,0,0,0,0,0,3,1,2,0,0,0,0,0,0,0,0,0,0,0,0,0,0,1,0,0,0,0,0,0,0,0,0,0,0,0,0,0,0,0,0,0,0,0,0,0,0,1,0,1,0,0,1,0,0,0,0,0,0,0,0,0,0,0,0,0,0,0,0,0,0,0,0,0,0,0,0,0,0,0,0,0,0,0,0,0,0,0,0,0,0,0,0,0,0,0,0,0,0,0,0,0,0,0,0,0,0,0,0,0,0,0,0,0,1,0,0,0,0,0,0,0,1,0,0,1
Dorycnium_pentaphyllum_ssp_germanicum,0,0,0,0,0,0,0,0,0,0,0,0,0,0,0,0,0,0,0,0,0,0,0,0,0,0,0,0,0,0,0,0,0,0,0,0,0,0,0,0,0,0,0,0,0,0,0,0,0,0,0,0,0,0,0,0,0,0,0,0,0,0,0,0,0,0,0,0,0,0,0,0,0,0,0,0,0,0,0,0,0,0,0,8,0,0,0,0,1,0,1,1,0,0,0,0,0,0,0,0,0,0,1,0,0,0,0,0,0,0,26,0,9,0,4,29,5,1,7,0,0,0,0,0,8,6,0,0,0,0,0,0,0,0,0,0,0,0,0,0,0,4,1,0,0,0,0,0,2,0,0,0,10,0,2,7,7,3,6,0,1,1,1,0,0,1,2,1,0,0,1,0,0,1,0,0,0,0,1,1,1,0,1,0,1,2,1,1,1,1,1,2,2,1,1,1,0,0,1,1,0,0,1,1,2,1,1,4,4,1,2,0,4,1,0,0,0,0,0,1,1,1,0,0,0,0,2,2,0,1,1,0,2,4,2,2,2,1,0,0,2,4,0,0
Elymus_repens,na,na,na,na,na,na,na,na,na,na,na,na,na,na,na,na,na,na,na,na,na,na,na,na,na,na,na,na,na,na,na,na,na,na,na,na,na,na,0,0,0,0,0,0,0,0,0,0,0,0,0,0,0,0,0,0,0,0,0,0,0,0,0,0,0,0,0,0,0,0,0,0,0,0,0,0,0,0,0,0,31,0,0,0,1,0,0,0,0,0,0,0,0,0,0,0,0,0,0,0,0,0,0,0,0,0,0,0,0,0,0,0,0,0,0,0,0,0,0,0,0,0,0,0,0,0,0,0,0,0,0,0,0,0,0,0,0,0,0,0,0,0,0,0,0,0,0,0,0,0,0,0,0,0,0,0,0,0,0,0,0,0,0,0,0,0,0,0,0,0,0,0,0,0,0,0,0,0,0,0,0,0,0,0,0,0,0,0,0,0,0,0,0,0,0,0,0,0,0,0,0,0,0,0,0,0,0,0,0,0,0,0,0,0,0,0,0,0,0,0,0,0,0,0,0,0,0,0,0,0,0,0,0,0,0,0,0,0,0,0,0,0,0,0
Erica_herbacea,0,0,0,0,0,0,31,3,0,0,0,0,0,0,0,0,0,41,0,0,0,0,0,0,0,0,0,0,0,0,0,0,0,0,0,0,0,0,0,0,0,0,0,0,0,0,58,0,0,0,0,0,0,0,0,0,0,89,0,0,0,0,0,0,0,0,0,0,0,0,0,0,0,0,0,0,0,0,0,0,0,0,0,0,0,0,70,0,0,0,0,0,0,0,0,0,0,97,0,0,0,0,0,0,0,0,0,0,0,0,0,0,0,0,0,0,0,0,0,0,0,0,0,0,0,0,62,0,0,0,0,0,0,0,0,0,0,40,0,0,0,0,0,0,0,0,0,0,0,0,0,0,0,0,0,0,0,0,0,0,1,0,0,0,0,0,0,4,0,0,0,0,60,0,4,0,0,0,0,15,2,0,0,0,0,0,0,0,0,0,80,1,2,1,1,0,0,0,0,0,0,0,0,0,0,0,0,0,0,30,0,0,0,0,10,0,20,0,0,0,0,4,20,0,0,0,0,0,0,0,0,0,30,10,10,10,0,1,0,0,0,0,0,0
Euphorbia_cyparissias,na,na,na,na,na,na,na,na,na,na,na,na,na,na,na,na,na,na,na,na,na,na,na,na,na,na,na,na,na,na,na,na,na,na,na,na,na,na,na,na,0,0,2,6,2,4,5,0,0,2,4,0,5,1,1,15,1,18,0,5,5,5,6,1,3,1,5,0,2,8,0,0,0,1,0,6,0,2,1,0,1,1,4,1,1,3,8,4,0,1,7,0,6,22,24,0,12,4,0,4,5,1,6,4,11,3,11,0,0,3,7,2,0,9,2,0,0,0,6,0,0,0,5,7,4,6,1,0,0,0,3,1,2,2,3,1,0,4,1,2,2,1,2,0,0,0,0,0,0,0,2,0,3,0,0,1,0,0,0,0,1,1,1,0,0,1,1,0,1,1,1,1,1,1,1,1,1,0,1,1,1,1,1,1,1,0,1,1,1,1,0,1,1,1,1,1,0,1,0,1,1,1,1,1,1,0,0,1,0,1,1,0,1,0,1,1,0,1,1,1,1,1,1,0,1,1,1,1,0,1,1,0,0,1,1,1,0,0,0,0,1,0,0,1
Euphorbia_verrucosa,na,na,na,na,na,na,na,na,na,na,na,na,na,na,na,na,na,na,na,na,na,na,na,na,na,na,na,na,na,na,na,na,na,na,na,na,na,na,na,na,3,4,10,16,12,7,5,7,5,7,5,6,5,10,1,8,6,4,9,6,2,3,0,11,5,7,0,7,0,0,2,1,9,0,3,19,1,15,1,5,1,0,0,4,7,8,9,8,5,8,2,4,3,8,2,7,13,6,8,5,2,5,0,6,11,8,0,2,6,0,7,5,2,0,8,20,0,2,2,17,0,0,0,5,10,17,0,0,1,4,6,5,2,11,17,0,0,13,5,5,0,1,0,0,0,0,0,8,4,0,1,0,5,5,5,8,1,0,0,0,0,0,0,0,0,0,0,1,0,1,0,0,1,2,1,1,0,1,2,0,0,1,0,1,0,1,1,1,0,1,1,0,0,3,2,1,1,1,1,1,0,0,0,1,0,1,1,0,0,0,0,0,0,1,1,1,2,0,1,1,1,1,0,0,0,1,0,0,0,1,1,1,1,1,4,2,2,2,0,0,0,1,1,4
Euphrasia_picta,na,na,na,na,na,na,na,na,na,na,na,na,na,na,na,na,na,na,na,na,na,na,na,na,na,na,na,na,na,na,na,na,na,na,na,na,na,na,na,na,0,0,0,0,0,0,10,0,0,0,0,0,30,18,1,1,0,7,20,6,33,12,0,1,0,6,1,0,0,0,0,0,0,0,0,0,0,0,0,0,0,0,0,0,0,0,0,0,0,0,0,0,0,0,0,0,0,0,0,0,0,2,1,1,0,0,2,0,0,2,0,0,0,0,0,0,0,0,0,0,0,0,0,0,0,0,2,0,0,0,0,0,0,0,0,0,0,0,0,0,0,0,0,1,0,0,0,0,0,0,0,0,0,0,0,0,0,0,0,0,0,0,0,0,0,0,0,0,0,0,0,0,0,0,0,0,0,0,0,0,0,0,0,0,0,0,0,0,0,0,0,0,0,0,0,0,0,0,0,0,0,0,0,0,0,0,0,0,0,0,0,0,0,0,0,0,0,1,0,0,0,0,0,0,0,0,0,0,0,0,0,0,1,0,0,0,0,0,0,0,0,0,0,0
Festuca_rubra,na,na,na,na,na,na,na,na,na,na,na,na,na,na,na,na,na,na,na,na,na,na,na,na,na,na,na,na,na,na,na,na,na,na,na,na,na,na,na,na,0,0,0,0,0,0,0,0,0,0,0,0,0,0,0,0,0,0,0,0,0,0,0,0,0,0,0,0,0,0,0,0,0,0,0,0,0,0,0,0,32,0,0,0,0,0,0,0,0,0,0,0,0,0,0,0,0,3,0,0,1,0,0,0,0,0,0,0,0,0,0,0,0,0,0,0,0,0,0,0,0,0,0,0,0,0,0,0,0,0,0,0,0,0,0,0,0,0,0,0,0,0,0,0,0,0,0,0,0,0,0,0,0,0,0,0,0,0,0,0,0,0,0,0,0,0,0,0,0,0,0,0,0,0,0,0,0,0,1,0,0,0,0,0,0,0,0,0,0,0,0,0,0,0,0,0,0,0,0,0,0,0,0,0,0,0,0,0,0,0,0,0,0,0,0,0,0,0,0,0,0,0,0,0,0,0,0,0,0,0,0,0,0,0,0,0,0,0,0,0,0,0,0,0
Festuca_rupicola,na,na,na,na,na,na,na,na,na,na,na,na,na,na,na,na,na,na,na,na,na,na,na,na,na,na,na,na,na,na,na,na,na,na,na,na,na,na,na,na,0,4,0,0,3,3,3,3,6,5,3,0,0,0,4,0,3,2,5,0,1,0,3,3,4,3,5,0,0,0,1,2,0,1,0,4,4,1,1,2,0,3,3,1,3,2,0,2,0,6,2,1,0,3,1,25,12,8,3,6,11,19,18,7,7,6,19,6,11,7,18,23,9,10,8,3,17,10,4,4,8,3,2,5,5,3,0,6,14,4,4,0,4,5,7,15,7,2,6,4,11,5,5,4,7,1,4,2,0,4,16,19,0,4,10,2,1,2,0,0,0,0,0,0,0,0,0,0,1,0,0,0,0,0,0,0,0,0,0,0,0,0,0,0,0,0,0,0,0,0,0,0,0,0,0,0,0,0,0,0,0,0,1,2,2,4,2,10,0,0,0,0,1,1,0,0,1,0,1,1,1,0,1,0,0,1,0,2,2,0,1,0,1,0,1,1,1,1,1,1,1,1,0,2
Filipendula_vulgaris,na,na,na,na,na,na,na,na,na,na,na,na,na,na,na,na,na,na,na,na,na,na,na,na,na,na,na,na,na,na,na,na,na,na,na,na,na,na,na,na,4,38,36,41,31,37,0,13,38,37,40,14,7,15,22,25,33,30,41,8,20,10,38,41,33,11,5,26,19,15,10,29,6,8,4,36,36,43,14,40,14,19,19,15,8,41,40,59,55,42,50,18,3,16,18,31,40,44,46,19,41,21,51,54,32,23,12,55,35,16,24,34,6,13,11,53,55,58,26,47,3,17,16,13,17,39,14,23,22,9,19,4,2,7,12,19,18,10,8,15,20,15,12,9,11,15,20,42,18,13,20,8,3,5,4,37,10,10,9,13,1,1,1,1,2,1,4,2,3,2,1,2,1,1,1,1,1,1,1,2,1,1,1,1,1,1,1,1,1,1,1,1,1,0,1,1,1,1,1,1,1,1,2,2,2,4,2,4,1,2,2,1,2,1,1,1,1,1,1,1,2,1,1,1,1,1,2,2,1,1,2,1,1,2,1,1,1,1,1,1,1,2,1,2
Galium_boreale,na,na,na,na,na,na,na,na,na,na,na,na,na,na,na,na,na,na,na,na,na,na,na,na,na,na,na,na,na,na,na,na,na,na,na,na,na,na,na,na,0,0,0,0,0,20,0,0,28,40,0,1,0,0,0,0,0,0,0,12,0,0,0,0,0,0,0,9,0,0,0,1,0,0,0,0,0,0,0,35,0,0,0,0,0,22,0,1,43,54,0,3,0,0,0,1,0,0,0,41,0,0,0,0,0,0,0,14,0,0,2,2,0,0,0,0,0,0,0,3,0,0,0,19,0,12,0,1,4,5,3,2,0,1,0,0,0,0,0,14,0,0,0,0,0,0,0,2,0,0,0,0,0,0,0,0,0,0,0,4,0,0,0,50,0,0,0,0,0,0,0,0,0,0,0,0,0,0,0,0,0,0,0,0,0,0,1,0,0,0,0,0,0,0,0,0,0,1,0,0,0,0,0,0,0,4,0,0,0,0,0,0,0,0,0,0,0,0,0,0,0,0,0,0,0,0,1,1,0,0,0,0,0,0,0,0,0,0,0,1,1,1,1,2
Galium_mollugo,na,na,na,na,na,na,na,na,na,na,na,na,na,na,na,na,na,na,na,na,na,na,na,na,na,na,na,na,na,na,na,na,na,na,na,na,na,na,na,na,0,0,0,0,0,0,0,0,0,0,0,0,0,0,0,0,0,0,0,0,0,0,0,0,0,0,0,0,0,0,0,0,0,0,0,0,0,0,0,0,8,0,0,0,0,0,0,0,5,0,0,0,0,0,0,0,0,0,0,0,0,0,0,0,0,0,1,4,0,0,0,0,0,0,0,0,0,3,0,0,0,0,0,0,0,0,0,0,0,0,0,0,0,0,0,0,0,0,0,0,0,0,0,0,0,0,0,0,0,0,0,0,0,0,0,0,0,0,0,0,0,0,0,0,0,0,0,0,0,0,0,0,0,0,0,0,0,0,0,0,0,0,0,0,0,1,0,0,0,0,0,0,0,0,0,0,0,1,1,0,0,1,0,0,0,1,0,1,0,0,0,0,0,0,0,0,0,0,0,0,0,0,0,0,0,0,0,0,0,0,0,0,0,0,0,0,0,0,0,0,0,0,1,0
Galium_pumilum,na,na,na,na,na,na,na,na,na,na,na,na,na,na,na,na,na,na,na,na,na,na,na,na,na,na,na,na,na,na,na,na,na,na,na,na,na,na,0,0,0,0,0,0,0,0,0,0,0,0,0,0,0,0,0,0,0,0,0,0,0,0,0,0,0,0,0,0,0,0,0,0,0,0,0,0,0,0,0,0,0,0,0,0,0,0,0,0,63,0,0,0,0,0,0,0,0,0,0,0,0,0,0,0,0,0,0,46,0,0,0,0,0,0,0,0,1,0,0,0,0,0,0,0,0,0,0,0,0,0,0,0,0,0,0,0,0,0,0,0,0,0,0,0,0,0,0,0,0,0,0,0,0,0,0,0,0,0,0,0,0,0,0,0,0,0,0,0,0,0,0,0,0,0,0,0,0,0,0,0,0,0,0,0,0,0,0,0,0,0,0,0,0,0,0,0,0,0,0,0,0,0,0,0,0,0,0,0,0,0,0,0,0,0,0,0,0,0,0,0,0,0,0,0,0,0,0,0,0,0,0,0,0,0,0,0,0,0,0,0,0,0,0,0
Galium_verum,na,na,na,na,na,na,na,na,na,na,na,na,na,na,na,na,na,na,na,na,na,na,na,na,na,na,na,na,na,na,na,na,na,na,na,na,na,na,na,na,27,0,0,0,0,0,0,0,23,0,0,0,0,0,0,0,0,0,0,0,0,0,0,0,0,0,0,15,0,0,0,0,0,0,0,0,1,0,0,3,52,1,0,0,0,0,0,0,3,0,0,0,0,0,0,0,0,0,0,0,0,0,0,0,0,0,0,0,0,0,0,0,0,0,0,0,6,0,0,13,1,0,0,0,0,0,0,0,26,0,0,0,0,0,0,0,0,0,0,0,0,0,0,0,0,0,0,10,0,0,0,0,0,0,0,0,10,0,0,1,0,0,1,0,0,0,0,0,0,0,0,0,0,0,0,0,0,0,0,0,0,0,0,0,0,0,0,0,0,0,0,0,0,0,0,0,0,0,0,0,0,0,0,1,0,0,0,0,0,0,0,0,0,0,0,0,0,0,0,0,0,0,0,0,0,0,0,0,0,0,0,0,0,0,0,0,0,0,0,0,0,0,1,0
Genista_tinctoria,na,na,na,na,na,na,na,na,na,na,na,na,na,na,na,na,na,na,na,na,na,na,na,na,na,na,na,na,na,na,na,na,na,na,na,na,na,na,na,na,0,0,0,0,0,0,0,1,4,2,0,0,0,0,0,0,0,0,0,0,6,1,0,38,20,16,0,18,14,9,2,2,0,8,4,37,0,0,0,0,0,0,1,0,5,0,1,13,16,0,2,1,0,1,6,0,0,0,0,2,14,11,1,31,40,27,0,14,18,10,31,32,8,38,35,32,0,0,24,5,0,0,1,4,0,0,3,10,1,0,0,2,1,10,20,7,0,7,6,0,8,4,8,0,6,0,0,4,0,3,1,0,0,13,1,2,0,0,5,0,0,0,0,0,0,0,1,0,1,0,0,1,1,0,1,1,0,1,2,0,0,1,1,0,1,1,1,1,1,1,1,1,1,1,3,3,1,1,3,2,2,1,0,0,0,0,0,0,1,0,0,0,1,1,1,0,1,1,0,1,1,0,0,0,1,0,1,1,1,1,1,1,1,1,1,1,1,1,1,1,1,1,1,1
Gentiana_verna,0,0,2,2,1,0,1,0,0,0,1,0,0,0,0,5,0,0,0,2,8,0,0,0,3,0,0,0,0,0,0,0,0,0,0,1,0,0,1,0,0,0,0,0,0,0,0,1,1,0,1,0,0,1,0,2,2,0,1,3,5,0,0,0,0,0,0,0,0,0,0,0,0,0,1,1,0,1,0,0,0,0,0,0,0,0,0,0,0,0,2,2,0,0,0,0,0,0,1,4,0,0,0,0,0,0,0,0,0,0,0,0,0,0,1,2,0,0,0,0,0,0,0,0,0,0,0,0,0,0,2,1,0,0,0,0,0,0,0,0,0,0,0,0,0,0,0,0,0,0,0,0,0,0,0,0,0,0,0,0,0,0,0,0,0,0,0,0,0,0,0,0,0,0,0,0,0,0,0,0,0,0,0,0,0,0,1,0,0,1,1,0,0,0,1,0,2,3,0,0,0,0,0,0,0,0,0,0,0,0,0,0,0,0,0,0,0,0,0,0,0,0,0,0,0,0,0,0,0,0,0,0,0,0,0,0,0,0,0,1,0,0,0,0
Gentianella_germanica,0,0,0,1,0,0,2,6,0,0,2,1,0,1,0,0,1,0,0,1,4,9,0,6,2,1,3,1,0,0,0,0,0,0,0,0,0,0,0,0,0,0,0,1,0,0,7,3,0,0,1,0,0,1,0,0,1,5,2,0,1,2,7,1,7,2,3,0,0,0,0,0,0,0,4,1,0,0,0,0,0,0,0,0,0,0,0,0,0,0,0,0,0,0,0,0,0,0,0,0,0,0,0,0,0,0,0,0,0,0,0,0,0,0,0,0,0,0,0,0,0,0,0,0,0,0,0,0,0,0,0,0,0,0,0,0,0,0,0,0,0,0,0,0,0,0,0,0,0,0,0,0,0,0,0,0,0,0,0,0,0,0,0,0,0,0,0,0,0,0,0,0,0,0,0,0,0,0,0,0,0,0,0,0,0,0,0,0,0,0,0,0,0,0,0,0,0,0,0,0,0,0,0,0,0,0,0,0,0,0,0,0,0,0,0,0,0,0,0,0,0,0,0,0,0,0,0,0,0,0,0,0,0,0,0,0,0,0,0,0,0,0,0,0
Globularia_cordifolia,0,5,5,0,9,12,7,0,0,12,20,0,32,34,6,0,0,0,0,61,22,1,10,5,7,1,2,0,0,0,9,0,0,2,5,0,1,8,5,0,0,0,40,12,43,31,30,0,0,6,15,0,60,58,26,0,0,0,0,92,40,46,18,70,3,10,0,0,0,1,0,0,0,2,22,0,1,16,16,0,0,15,47,83,19,48,3,0,0,0,18,5,60,67,16,0,1,4,1,86,88,36,28,81,10,22,0,0,0,0,0,0,0,4,45,0,0,0,0,0,0,3,14,37,61,5,5,0,0,0,60,14,30,16,10,0,0,0,3,52,45,67,16,62,31,2,0,0,0,0,0,0,0,1,3,0,0,0,0,0,0,0,1,0,0,0,10,2,20,10,20,2,0,0,0,1,0,1,2,10,4,3,0,2,4,3,0,0,0,3,10,0,0,0,0,0,4,4,10,20,60,50,0,0,0,0,0,0,1,1,2,0,1,1,0,0,0,0,2,0,4,0,2,1,1,1,2,0,0,0,0,1,2,0,1,0,0,0,0,10,4,1,0,0
Globularia_punctata,0,0,5,1,0,0,0,0,1,0,3,0,0,0,0,0,0,0,0,0,1,0,1,0,0,0,0,0,5,1,0,0,0,0,1,0,0,0,0,0,0,5,4,0,5,0,0,0,3,0,24,1,5,2,1,1,0,0,4,0,11,0,2,6,0,0,0,1,19,2,0,0,0,0,0,0,0,0,0,0,0,0,0,2,0,0,0,0,7,0,43,10,6,9,0,0,0,0,10,0,15,0,6,4,0,0,0,0,0,20,4,0,0,1,3,0,0,0,0,0,0,0,0,0,2,0,1,0,1,0,8,1,3,7,0,0,0,0,15,0,0,0,9,0,0,0,0,0,0,8,9,2,0,1,5,0,0,0,0,0,0,0,0,0,0,0,0,0,0,1,0,2,0,0,0,0,0,0,0,0,0,0,0,0,1,0,0,0,1,0,0,0,0,1,0,0,0,0,0,0,0,0,0,0,0,0,0,0,1,0,0,2,1,1,0,0,0,0,1,0,0,0,0,0,1,0,2,0,1,0,0,0,0,0,0,0,1,0,0,0,0,0,0,0
Gymnadenia_conopsea,na,na,na,na,na,na,na,na,na,na,na,na,na,na,na,na,na,na,na,na,na,na,na,na,na,na,na,na,na,na,na,na,na,na,na,na,na,na,na,na,0,0,0,0,0,0,0,0,0,0,0,0,0,0,0,0,0,0,0,0,0,0,0,0,0,0,0,0,0,0,0,0,0,0,0,0,0,0,0,0,0,0,0,0,0,0,0,0,0,0,0,0,0,0,0,0,0,0,0,0,0,0,0,0,0,0,0,0,0,0,0,0,0,0,0,0,0,0,0,0,0,0,0,0,0,0,0,0,0,0,0,0,0,0,0,0,0,0,0,0,0,0,0,0,0,0,0,0,0,0,0,0,0,0,0,0,0,0,0,0,0,0,0,0,0,0,0,0,0,0,0,0,0,0,0,0,1,0,0,0,0,0,0,0,0,0,0,0,0,0,0,0,0,0,0,0,1,0,1,0,0,0,0,0,0,0,0,0,0,0,0,0,0,0,0,0,0,0,0,0,0,0,0,0,0,0,0,0,0,0,0,0,0,0,0,0,0,0,0,0,0,0,0,0
Helianthemum_ovatum,12,23,23,26,21,20,8,42,37,38,38,7,28,20,24,48,53,8,29,25,45,40,30,8,31,10,45,0,0,16,21,22,16,19,24,19,26,74,45,17,3,5,20,26,21,57,25,35,20,28,27,16,42,28,54,20,35,2,11,20,35,44,35,25,25,15,24,0,8,11,2,4,16,6,2,30,34,28,39,9,0,16,15,15,1,44,32,54,50,17,12,13,41,34,24,24,54,0,12,51,43,33,19,47,32,12,49,0,21,27,8,15,11,11,19,41,51,30,35,13,9,18,2,6,7,16,17,23,0,16,15,0,14,1,3,27,12,0,0,31,7,7,11,11,19,0,1,2,7,9,10,13,25,20,10,15,6,4,33,0,0,1,1,0,1,1,1,2,0,0,0,0,1,1,0,1,1,1,2,4,4,2,2,1,0,0,2,0,1,1,1,3,2,2,1,2,1,2,1,1,1,2,1,1,1,1,1,1,0,1,0,0,0,0,1,1,1,1,1,1,4,1,1,1,1,1,1,4,2,2,2,4,1,1,0,1,1,1,4,2,1,4,1,10
Helictotrichon_pratense,na,na,na,na,na,na,na,na,na,na,na,na,na,na,na,na,na,na,na,na,na,na,na,na,na,na,na,na,na,na,na,na,na,na,na,na,na,na,na,na,0,1,0,0,0,0,0,0,0,0,0,0,0,0,0,0,1,0,0,0,0,0,0,0,0,0,1,0,0,0,0,0,0,0,0,0,1,0,0,0,55,1,1,0,0,2,2,3,1,0,2,3,1,0,3,2,3,61,0,3,3,4,7,15,8,2,19,38,9,13,12,5,2,4,2,10,6,7,5,6,7,1,1,0,0,2,1,5,1,1,2,0,2,0,4,1,1,1,1,3,1,0,1,0,0,0,9,2,3,3,0,2,0,1,0,1,7,3,0,2,0,0,0,0,0,0,0,0,0,0,0,0,0,0,0,0,0,0,0,0,0,0,0,0,0,0,0,0,0,0,0,0,0,0,0,0,0,0,0,0,0,0,1,1,0,1,1,2,1,0,0,1,0,1,0,1,1,0,1,1,0,0,1,0,1,0,0,0,0,0,0,0,0,1,1,1,0,1,1,0,1,0,1,1
Helictotrichon_pubescens,na,na,na,na,na,na,na,na,na,na,na,na,na,na,na,na,na,na,na,na,na,na,na,na,na,na,na,na,na,na,na,na,na,na,na,na,na,na,na,na,0,0,0,0,0,0,0,0,0,0,0,0,0,0,0,0,0,0,0,0,0,0,0,0,0,0,0,0,0,0,0,0,0,0,0,0,0,0,0,0,0,11,0,0,0,0,1,0,0,0,0,0,0,1,0,0,0,0,0,3,0,0,0,0,0,0,0,0,0,0,1,0,0,0,0,0,0,0,0,0,0,0,0,0,0,0,0,1,0,0,0,0,0,0,0,0,0,0,0,0,0,0,0,0,10,0,0,1,0,0,0,0,0,0,0,0,1,0,0,0,0,0,0,1,1,0,0,1,0,0,0,0,0,0,0,0,0,0,0,0,0,0,0,0,0,0,0,0,0,0,0,0,0,0,0,0,0,0,0,0,0,0,0,0,0,0,0,0,0,0,0,0,0,0,0,0,0,0,0,0,0,0,0,0,0,0,0,0,0,0,0,0,0,0,0,0,0,0,0,0,0,0,0,0
Hippocrepis_comosa,na,na,na,na,na,na,na,na,na,na,na,na,na,na,na,na,na,na,na,na,na,na,na,na,na,na,na,na,na,na,na,na,na,na,na,na,na,na,na,na,0,3,25,6,6,3,15,2,5,36,25,15,11,4,12,12,20,3,27,27,31,26,10,15,10,10,1,0,0,2,15,0,0,4,4,0,6,8,2,0,3,0,1,10,2,14,8,4,6,25,20,13,13,4,18,0,18,0,21,17,28,16,7,7,6,6,0,0,1,0,22,2,0,2,10,4,5,6,0,0,2,0,29,10,10,6,4,4,0,7,1,4,3,1,5,0,4,2,1,4,4,6,13,0,0,1,3,0,0,0,6,0,9,0,0,0,6,0,1,0,2,0,1,0,1,1,1,1,1,0,1,0,1,0,1,1,1,1,1,3,1,1,0,1,1,1,0,1,0,1,1,1,1,1,1,0,0,1,1,1,1,1,0,1,1,0,1,0,0,1,1,1,1,1,1,0,1,1,1,0,1,1,1,1,1,0,0,1,0,1,4,2,2,1,1,0,0,2,1,2,1,0,1,1
Hypericum_perforatum,na,na,na,na,na,na,na,na,na,na,na,na,na,na,na,na,na,na,na,na,na,na,na,na,na,na,na,na,na,na,na,na,na,na,na,na,na,na,na,na,0,0,0,0,0,0,0,0,0,0,0,0,0,0,0,0,0,0,0,0,0,0,0,0,0,0,0,0,0,0,0,0,0,0,0,0,1,0,0,4,0,0,0,0,0,0,0,0,0,0,0,0,0,0,0,0,0,0,0,0,0,0,0,0,0,0,0,0,0,0,0,0,0,0,0,0,0,0,0,0,0,0,0,0,0,0,0,0,0,0,0,0,0,0,0,0,0,0,0,0,0,0,0,0,0,0,0,0,1,0,0,0,0,0,0,0,0,0,0,0,0,0,0,0,0,0,0,0,0,0,0,0,0,0,0,0,0,0,0,0,0,0,0,0,0,0,0,0,0,0,0,0,0,0,0,0,0,0,0,0,0,0,0,0,0,0,0,0,0,0,0,0,0,0,0,0,0,0,0,0,0,0,0,0,0,0,0,0,0,0,0,0,0,0,0,0,0,0,0,0,0,0,0,0
Hypochaeris_maculata,na,na,na,na,na,na,na,na,na,na,na,na,na,na,na,na,na,na,na,na,na,na,na,na,na,na,na,na,na,na,na,na,na,na,na,na,na,na,na,na,0,0,0,0,0,0,0,0,0,0,0,0,0,0,0,0,0,0,0,0,0,0,0,0,0,0,0,0,0,0,0,0,0,0,0,1,0,0,0,0,0,0,0,0,0,0,0,0,0,0,0,0,0,0,0,0,0,0,0,0,0,0,0,0,0,0,0,0,0,0,0,0,0,0,0,0,0,0,0,0,0,0,0,0,0,0,0,0,0,0,0,0,0,0,0,0,0,0,0,0,0,0,0,0,0,0,0,0,0,0,0,0,0,0,0,0,0,0,0,0,0,0,0,0,0,0,0,0,0,0,0,0,0,0,0,0,0,0,0,0,0,0,0,0,0,0,0,1,0,0,0,0,0,0,0,0,0,0,0,0,0,0,0,0,0,0,0,0,0,0,0,0,0,0,0,0,0,0,0,0,0,0,0,0,0,0,0,0,0,0,0,0,0,0,0,0,0,0,0,0,0,0,0,0
Inula_hirta,0,0,0,0,0,0,0,0,0,0,0,0,0,0,0,0,0,2,0,0,0,0,0,0,0,0,0,0,0,1,0,0,0,0,0,0,1,0,0,0,0,0,0,0,0,0,0,0,0,0,0,0,0,0,0,0,0,0,0,0,0,0,0,0,0,0,0,0,3,1,0,0,0,0,0,0,4,0,0,0,0,0,0,0,2,0,0,0,0,0,0,0,0,0,0,0,0,1,0,0,0,0,0,0,0,0,0,0,2,9,0,2,1,0,0,0,19,9,0,2,0,1,3,6,1,0,0,0,0,0,0,0,0,0,0,0,0,0,0,0,0,0,0,0,0,0,0,0,4,15,8,5,6,0,0,0,20,13,0,8,0,0,0,0,0,0,4,4,2,1,4,1,1,0,0,0,0,0,2,0,1,4,1,1,1,2,4,1,1,0,0,3,1,0,1,0,30,1,1,0,0,1,0,0,0,0,0,0,10,4,4,1,4,2,2,0,0,1,0,2,2,2,1,1,1,1,2,2,2,1,2,1,0,2,1,0,0,0,4,2,1,0,0,0
Knautia_arvensis,na,na,na,na,na,na,na,na,na,na,na,na,na,na,na,na,na,na,na,na,na,na,na,na,na,na,na,na,na,na,na,na,na,na,na,na,na,na,na,na,8,0,0,0,0,0,1,0,0,0,0,0,0,0,0,0,0,0,0,0,0,0,0,0,0,0,1,2,0,0,0,0,0,0,0,3,0,0,0,0,0,6,6,1,0,0,2,0,0,0,0,0,0,0,1,0,0,0,1,1,0,0,0,0,0,2,1,0,1,0,3,1,0,1,1,4,2,2,0,1,0,0,0,0,0,0,0,0,0,0,0,0,0,0,0,0,0,0,0,0,0,0,0,0,0,0,0,0,0,0,0,0,0,0,0,0,0,0,0,0,0,0,0,0,0,0,0,0,0,0,0,0,0,0,0,0,0,1,0,1,0,0,0,0,0,0,0,0,0,0,0,0,0,0,0,0,0,0,0,0,0,0,0,0,0,0,0,0,0,0,0,0,0,0,0,0,0,0,0,0,0,0,0,0,0,0,0,0,0,0,0,0,0,0,0,0,0,0,0,0,0,0,0,0
Koeleria_macrantha,0,0,0,0,0,0,0,0,0,0,0,0,0,0,0,0,0,0,0,0,0,0,0,0,0,0,0,0,1,4,0,0,0,0,0,11,0,0,0,7,2,0,0,0,0,0,0,0,0,0,0,0,0,0,0,0,0,0,1,0,0,0,0,0,0,0,0,0,0,0,0,0,0,0,0,19,0,0,0,18,0,0,0,0,0,0,0,0,0,0,0,0,0,0,0,0,5,7,10,0,6,6,1,4,3,3,6,0,14,8,7,10,0,3,1,0,0,2,0,0,0,0,0,0,0,0,0,1,0,0,0,0,0,0,0,0,0,0,0,0,0,0,0,0,0,0,0,0,0,0,0,0,1,0,0,0,0,0,0,0,0,0,0,0,0,0,0,0,0,0,0,0,0,0,0,0,0,0,0,0,0,0,0,0,0,0,0,0,0,0,0,0,0,0,0,0,0,0,0,0,0,0,0,0,0,0,0,0,0,0,0,0,0,0,0,0,0,0,0,0,0,0,0,0,0,0,0,0,0,0,0,0,0,0,0,0,0,0,0,0,0,0,0,0
Koeleria_pyramidata,0,3,0,4,2,0,0,2,0,0,0,0,0,1,0,2,0,4,0,0,1,2,0,1,0,2,3,0,3,0,0,0,1,0,0,14,25,4,0,16,0,5,1,4,2,0,0,3,0,2,0,0,2,1,0,4,0,2,0,0,0,3,0,5,0,2,4,0,12,10,0,0,2,0,0,39,16,6,4,24,0,0,0,0,0,0,0,0,0,0,0,0,0,0,0,7,8,5,6,0,5,6,3,0,8,0,19,1,5,8,8,0,16,0,7,28,59,6,3,31,3,0,0,0,0,0,0,3,0,1,0,0,0,0,0,0,3,0,0,2,0,0,1,1,0,0,3,0,0,1,0,0,0,0,0,1,0,1,0,2,0,0,0,0,0,0,0,0,1,0,0,0,0,0,0,0,0,0,0,0,0,0,0,0,0,0,0,0,0,0,0,0,0,0,0,0,0,0,0,0,0,0,1,0,1,1,1,2,0,0,0,0,0,1,0,1,0,0,0,1,0,1,0,0,0,0,0,0,0,0,0,0,0,0,0,0,0,0,1,1,0,0,2,0
Leontodon_hispidus,na,na,na,na,na,na,na,na,na,na,na,na,na,na,na,na,na,na,na,na,na,na,na,na,na,na,na,na,na,na,na,na,na,na,na,na,na,na,na,na,0,0,0,0,1,0,1,0,0,0,1,7,0,0,0,0,0,0,6,1,0,2,0,2,0,0,0,0,1,0,0,0,0,1,0,0,0,9,1,0,0,0,0,0,0,0,4,0,0,0,0,19,0,1,0,0,1,0,0,3,0,1,1,4,0,1,0,0,0,0,0,0,0,0,5,1,0,3,0,0,0,0,0,0,1,1,4,0,0,0,1,21,0,5,1,0,0,0,0,0,2,5,4,2,0,0,0,0,0,0,0,0,0,0,0,0,0,0,0,0,0,0,0,1,0,0,1,1,2,3,0,0,1,1,0,0,0,1,0,2,4,0,0,1,1,0,1,0,0,0,1,0,0,1,0,0,0,1,0,0,2,0,0,0,0,0,0,0,2,4,0,1,0,1,1,0,1,0,1,1,1,1,2,0,0,1,0,0,0,0,0,0,1,0,1,0,0,0,0,0,1,0,1,0
Leontodon_incanus,0,0,0,0,0,0,0,0,0,0,1,0,0,0,3,2,0,0,0,1,2,0,0,0,1,0,0,0,0,0,0,0,0,0,2,0,0,1,0,0,0,0,2,1,2,1,5,0,0,1,1,6,0,1,14,0,0,0,8,7,25,10,0,2,0,3,0,0,0,0,0,0,0,1,8,1,0,18,7,3,0,0,3,0,0,0,0,0,0,0,4,19,0,1,7,0,0,0,3,7,22,8,0,1,0,0,0,0,0,0,1,0,0,0,21,0,0,14,3,0,0,0,0,1,1,1,0,0,0,0,0,4,0,3,0,0,0,0,0,0,0,1,0,1,0,0,0,0,0,0,0,0,0,0,0,0,0,0,1,2,0,0,0,1,0,0,1,0,2,1,0,1,1,0,0,0,1,2,1,2,2,0,1,0,1,0,1,4,1,1,4,3,0,2,0,0,0,2,2,2,2,10,0,0,0,0,0,0,1,1,1,0,1,2,0,0,0,0,0,0,1,0,1,2,1,0,0,1,2,0,0,0,1,1,0,0,0,0,0,1,0,0,0,0
Linaria_vulgaris,na,na,na,na,na,na,na,na,na,na,na,na,na,na,na,na,na,na,na,na,na,na,na,na,na,na,na,na,na,na,na,na,na,na,na,na,na,na,0,0,0,0,0,0,0,0,0,0,0,0,0,0,0,0,0,0,0,0,0,0,0,0,0,0,0,0,0,0,0,0,0,0,0,0,0,0,0,0,0,0,0,0,1,1,0,2,0,0,0,0,0,0,1,0,0,0,0,0,0,0,0,0,0,0,0,0,0,0,0,0,0,0,0,0,0,0,0,0,0,0,0,0,0,0,0,0,0,0,0,0,0,0,0,0,0,0,0,0,0,0,0,0,0,0,0,0,0,0,0,0,0,0,0,0,0,0,0,0,0,0,0,0,0,0,0,0,0,0,0,0,0,0,0,0,0,0,0,0,0,0,0,0,0,0,0,0,0,0,0,0,0,0,0,0,0,0,0,0,0,0,0,0,0,0,0,0,0,0,0,0,0,0,0,0,0,0,0,0,0,0,0,0,0,0,0,0,0,0,0,0,0,0,0,0,0,0,0,0,0,0,0,0,0,0
Linum_catharticum,na,na,na,na,na,na,na,na,na,na,na,na,na,na,na,na,na,na,na,na,na,na,na,na,na,na,na,na,na,na,na,na,na,na,na,na,na,na,na,na,0,0,1,2,3,1,1,0,0,0,2,0,0,0,0,0,0,0,0,0,0,2,2,0,0,0,0,0,0,0,0,0,0,5,0,1,0,0,5,0,0,0,0,0,0,0,0,0,0,0,0,0,0,0,0,0,0,0,0,0,0,0,0,0,0,0,0,0,0,0,0,0,0,1,0,0,1,2,10,0,0,0,0,0,0,0,0,0,0,0,0,0,0,0,0,0,0,0,0,0,0,11,0,0,0,0,0,0,6,0,0,0,0,0,0,0,2,1,4,0,1,0,0,0,1,1,1,1,1,1,1,0,0,1,0,0,1,1,0,1,0,1,0,0,0,0,0,0,0,0,0,0,0,0,0,0,0,0,0,0,1,0,0,1,0,0,0,0,0,0,0,0,0,0,1,0,0,0,0,0,0,0,1,0,0,0,0,0,0,0,0,0,0,0,0,0,0,0,0,0,0,0,0,0
Linum_perenne,0,0,0,0,0,0,0,30,0,4,0,5,6,53,0,66,49,19,5,1,5,0,0,1,0,2,1,0,0,0,0,0,0,0,30,0,0,0,0,24,0,1,0,0,0,0,1,30,18,7,0,23,30,50,7,0,15,31,26,10,10,0,0,15,0,2,2,0,0,0,0,0,0,1,16,4,0,1,0,24,1,0,0,0,0,0,1,19,61,13,0,5,24,41,6,47,60,67,62,59,57,9,12,56,2,2,2,0,0,0,0,1,0,4,72,71,3,9,0,5,0,0,3,14,0,0,5,4,0,4,3,2,4,3,1,6,0,6,0,3,2,0,9,4,2,5,2,0,0,0,3,0,0,0,0,0,0,0,0,2,0,0,0,0,0,0,1,0,2,1,1,1,1,1,0,1,0,0,1,0,1,1,1,0,1,0,1,0,1,1,0,1,0,0,0,0,1,1,0,1,0,0,0,0,0,0,0,0,1,0,1,1,1,0,0,1,1,1,1,1,1,0,0,1,1,0,0,0,0,1,1,1,0,0,1,0,0,0,1,1,0,0,0,0
Lotus_corniculatus_ssp_corniculatus,na,na,na,na,na,na,na,na,na,na,na,na,na,na,na,na,na,na,na,na,na,na,na,na,na,na,na,na,na,na,na,na,na,na,na,na,na,na,na,na,0,0,0,9,0,1,10,0,5,1,5,5,0,3,2,5,4,7,0,0,7,3,0,0,4,0,1,0,0,0,0,0,0,0,1,0,1,0,0,0,0,0,0,3,20,0,6,5,16,6,7,18,1,2,7,2,2,1,1,1,13,7,0,2,2,1,1,0,0,0,2,0,0,2,8,1,1,0,0,0,0,0,5,12,0,1,0,0,0,4,4,1,0,1,0,1,0,0,0,0,2,4,2,1,3,3,1,0,0,0,0,0,0,0,2,0,0,0,0,0,1,1,0,1,0,0,1,1,0,1,2,0,0,1,1,0,1,0,0,0,1,1,0,0,0,0,1,1,4,1,1,0,1,1,1,1,1,3,3,4,4,15,0,0,0,0,0,0,1,0,0,0,1,1,0,0,1,0,1,0,0,0,1,0,0,0,0,0,0,1,0,1,1,0,0,0,1,0,0,1,1,0,0,0
Lotus_corniculatus_ssp_hirsutus,na,na,na,na,na,na,na,na,na,na,na,na,na,na,na,na,na,na,na,na,na,na,na,na,na,na,na,na,na,na,na,na,na,na,na,na,na,na,na,na,0,0,0,0,0,0,0,0,0,0,0,1,0,0,0,0,0,0,0,0,0,0,0,2,0,0,0,0,0,0,0,0,0,0,1,0,0,0,0,0,0,0,0,0,0,0,0,0,0,0,0,2,0,0,0,0,0,0,0,0,0,0,0,3,1,0,0,0,0,0,2,0,0,0,2,0,0,0,0,1,0,0,0,4,0,0,0,0,0,2,1,2,0,0,0,0,0,0,0,0,1,4,0,0,0,0,0,1,0,0,0,0,0,0,0,0,0,0,0,0,0,0,0,0,0,0,0,0,1,0,0,1,0,0,0,1,0,0,0,0,0,0,0,0,0,0,0,0,1,0,0,0,0,0,0,0,0,1,0,0,0,0,0,0,0,0,0,0,1,0,0,0,0,0,0,0,0,1,0,0,0,0,1,0,1,0,0,0,0,0,0,0,0,0,0,0,0,0,0,0,1,0,0,0
Medicago_falcata,0,0,0,0,0,0,0,0,0,0,0,0,0,0,0,0,0,0,0,0,0,0,0,0,0,0,0,0,0,0,0,0,0,0,0,0,0,0,0,0,0,0,0,0,0,0,0,0,0,0,0,0,0,0,0,0,0,0,0,0,0,0,0,0,0,0,0,0,0,0,0,0,0,0,0,0,0,0,0,0,13,0,0,0,0,0,0,0,0,0,0,0,0,0,0,0,0,0,0,0,0,0,0,0,0,0,0,0,0,0,0,0,0,0,0,0,0,0,0,0,0,0,0,0,0,0,0,0,0,0,0,0,0,0,0,0,0,0,0,0,0,0,0,0,0,0,0,0,0,0,0,0,0,0,0,0,0,0,0,0,0,0,0,0,0,0,0,0,0,0,0,0,0,0,0,0,0,0,0,0,0,0,0,0,0,0,0,0,0,0,0,0,0,0,0,0,0,0,0,0,0,0,0,0,0,0,0,0,0,0,0,0,0,0,0,0,0,0,0,0,0,0,0,0,0,0,0,0,0,0,0,0,0,0,0,0,0,0,0,0,0,0,0,0
Molinia_caerulea,0,0,0,0,0,0,0,0,0,0,0,0,0,0,0,0,0,0,0,0,0,0,0,0,0,0,0,0,11,0,0,0,0,0,0,0,0,0,0,0,0,0,0,0,0,0,0,0,0,0,0,0,0,0,0,0,0,0,0,0,0,0,0,0,0,0,0,0,33,0,0,0,0,0,0,0,0,0,0,0,0,0,0,0,0,0,0,0,0,0,0,0,0,0,0,0,0,0,0,0,0,0,0,0,0,0,0,0,21,0,0,0,0,0,0,0,0,0,0,0,0,0,0,0,0,0,0,0,0,0,0,0,0,0,0,0,0,0,0,0,0,0,0,0,0,0,0,0,50,0,0,0,0,0,0,0,0,0,0,0,0,0,0,0,0,0,0,0,0,0,0,0,0,0,0,0,0,0,0,0,0,0,0,0,0,0,0,0,0,0,0,0,0,0,0,0,0,0,0,0,0,0,0,0,0,0,0,0,0,0,0,0,0,0,0,0,0,0,0,0,0,0,0,0,0,0,0,0,0,0,0,0,0,0,0,0,0,0,0,0,0,0,0,0
Peucedanum_oreoselinum,0,25,16,22,7,19,25,17,32,14,21,6,10,6,15,3,28,10,6,15,30,17,11,5,5,16,8,5,6,17,9,17,14,20,13,5,18,12,8,3,2,25,13,29,16,10,18,2,29,20,20,16,18,20,35,8,11,20,28,25,0,26,43,29,9,32,20,18,12,17,7,20,7,22,4,36,27,14,10,16,8,48,43,26,35,14,24,27,35,41,23,36,33,27,33,3,21,42,32,33,14,34,48,36,20,45,35,38,45,32,38,27,25,26,17,59,58,8,17,36,21,14,10,12,11,22,4,21,5,20,8,22,18,4,13,24,8,11,9,22,8,6,21,11,8,14,13,4,14,17,5,9,13,8,5,7,21,4,5,12,1,1,1,1,2,1,1,1,1,1,1,1,1,1,2,1,1,1,1,1,1,1,1,1,1,2,1,1,1,1,1,2,1,3,2,1,2,2,1,2,2,4,1,2,2,0,2,0,1,1,1,2,1,1,1,2,2,1,1,2,1,1,1,1,1,1,1,1,2,2,2,2,1,2,2,2,1,1,2,2,2,1,1,1
Pilosella_macrantha,0,0,0,0,0,0,0,0,0,0,0,0,0,0,0,1,0,0,0,2,6,0,0,0,0,3,0,0,0,0,0,0,0,0,0,0,0,0,0,0,1,0,0,0,0,0,0,0,0,0,0,0,0,0,0,0,8,0,0,0,4,0,0,0,0,0,0,0,0,0,0,0,0,0,0,0,0,0,0,0,0,0,0,0,0,0,0,0,0,0,0,0,0,0,0,0,0,0,0,0,0,0,0,0,0,0,0,0,0,0,0,0,0,0,0,0,0,0,0,0,0,0,0,0,0,0,0,0,0,0,0,0,0,0,0,0,0,0,0,0,0,0,0,0,0,0,0,0,0,0,0,0,0,0,0,0,0,0,0,0,0,0,0,0,0,0,0,0,0,0,0,0,0,0,0,0,0,0,0,0,0,0,0,0,0,0,0,0,0,0,0,0,0,0,0,0,0,0,0,0,0,0,0,0,0,0,0,0,0,0,0,0,0,0,0,0,0,0,0,0,0,0,0,0,0,0,0,0,0,0,0,0,0,0,0,0,0,0,0,0,0,0,0,0
Pilosella_officinarum,na,na,na,na,na,na,na,na,na,na,na,na,na,na,na,na,na,na,na,na,na,na,na,na,na,na,na,na,na,na,na,na,na,na,na,na,na,na,na,na,0,0,0,0,0,0,0,0,0,2,0,0,0,1,0,0,4,0,0,1,0,0,0,0,0,0,0,0,0,0,0,0,0,0,0,0,0,0,0,0,0,0,0,0,0,0,0,0,0,0,0,0,0,0,0,0,8,0,0,0,3,0,0,0,0,0,0,0,0,1,0,0,0,0,0,0,0,0,0,0,0,1,0,0,0,0,0,0,0,0,0,0,0,0,0,0,0,0,0,0,0,0,0,0,0,0,0,0,0,1,0,0,0,0,0,0,0,0,1,0,0,0,0,0,0,0,0,0,0,0,0,0,0,0,0,0,0,0,0,0,0,0,0,0,0,0,0,0,0,0,0,0,0,0,0,0,0,0,0,0,0,0,0,0,0,0,0,0,0,0,0,0,0,0,0,0,0,0,0,0,0,0,0,0,0,1,0,0,0,1,0,0,0,0,0,0,0,0,0,0,0,0,0,0
Pimpinella_saxifraga,na,na,na,na,na,na,na,na,na,na,na,na,na,na,na,na,na,na,na,na,na,na,na,na,na,na,na,na,na,na,na,na,na,na,na,na,na,na,na,na,0,0,2,2,0,2,4,0,0,1,1,1,2,0,0,0,0,5,0,0,0,18,2,1,0,0,2,0,3,0,1,4,1,0,1,0,0,0,0,0,0,0,0,3,0,4,13,0,2,0,4,4,0,0,3,18,2,5,1,1,1,0,9,0,8,0,9,2,2,1,10,0,7,1,0,2,0,5,5,3,0,0,0,0,0,0,2,1,0,0,1,0,1,0,2,5,0,0,1,0,0,2,2,1,3,0,1,0,1,0,0,0,2,0,0,0,0,0,0,0,0,0,1,1,1,0,0,1,0,0,1,0,0,0,0,0,0,0,0,0,0,0,0,0,0,0,0,0,0,0,1,0,0,0,0,0,0,0,0,0,0,0,0,1,0,0,0,0,0,0,1,0,0,0,0,0,0,1,1,0,0,0,0,0,0,0,0,0,0,1,0,0,0,0,0,0,0,0,1,0,0,0,0,0
Plantago_lanceolata,na,na,na,na,na,na,na,na,na,na,na,na,na,na,na,na,na,na,na,na,na,na,na,na,na,na,na,na,na,na,na,na,na,na,na,na,na,na,na,na,0,0,0,0,0,0,0,0,0,0,0,0,0,0,0,0,0,0,0,0,0,0,0,0,0,0,0,0,0,0,0,0,0,0,0,0,0,0,0,0,0,0,1,0,0,0,2,0,0,0,0,0,0,0,0,0,1,2,0,0,4,0,0,0,0,0,0,0,1,0,0,0,0,0,0,2,0,0,0,0,2,0,0,0,0,0,0,0,0,0,0,0,0,0,0,0,0,0,0,0,0,0,0,0,0,0,0,0,0,0,0,0,0,0,0,0,0,0,0,0,0,0,0,0,0,0,0,0,0,0,0,0,0,0,0,0,0,0,0,0,0,0,0,0,0,0,0,0,0,0,0,0,0,0,0,0,0,0,0,0,0,0,0,1,0,0,0,1,0,0,0,0,0,0,0,0,0,0,0,0,0,0,0,0,0,0,0,0,0,0,0,0,0,0,0,0,0,0,0,0,0,0,0,0
Plantago_media,na,na,na,na,na,na,na,na,na,na,na,na,na,na,na,na,na,na,na,na,na,na,na,na,na,na,na,na,na,na,na,na,na,na,na,na,na,na,na,na,0,0,5,0,0,0,1,0,2,0,0,0,0,1,0,0,4,3,2,1,5,0,0,0,0,0,0,0,0,0,0,0,0,0,0,7,0,2,0,0,0,0,4,0,0,0,0,0,2,0,0,0,0,0,0,0,7,2,0,3,3,0,0,0,0,0,0,0,0,0,0,0,0,0,1,7,0,0,0,0,0,0,0,0,0,0,0,0,0,0,0,0,0,0,0,0,0,0,0,0,0,0,0,0,0,0,0,0,1,0,0,0,0,0,0,0,0,0,0,0,0,0,0,0,0,0,0,1,0,0,0,1,1,0,0,1,1,1,0,0,0,0,1,0,0,0,0,1,0,0,0,0,0,0,1,0,0,0,0,0,0,0,0,0,0,0,0,0,0,0,0,0,0,1,0,0,0,1,1,1,0,0,0,0,0,0,0,0,0,0,1,1,1,0,0,0,0,0,0,0,0,0,0,0
Platanthera_bifolia,na,na,na,na,na,na,na,na,na,na,na,na,na,na,na,na,na,na,na,na,na,na,na,na,na,na,na,na,na,na,na,na,na,na,na,na,na,na,na,na,0,0,0,0,0,0,0,0,0,0,0,0,0,0,0,0,0,0,0,0,0,0,0,0,0,0,0,0,0,0,0,0,0,0,0,0,1,0,0,0,0,0,0,0,0,0,0,0,0,0,0,0,0,0,0,0,0,0,0,0,0,0,0,0,0,0,0,0,0,0,0,0,0,0,0,0,1,0,0,0,0,0,0,0,0,0,0,0,0,0,0,0,0,0,0,0,0,0,0,0,0,0,0,0,0,0,0,0,0,0,0,0,0,0,0,0,0,0,0,0,0,0,0,0,0,0,0,0,0,0,0,0,0,0,0,0,0,0,0,0,0,0,0,0,0,0,0,0,0,0,0,0,0,0,0,0,0,0,0,0,0,0,0,0,0,0,0,0,0,0,0,0,0,0,0,0,0,0,0,0,0,0,0,0,0,0,1,0,0,1,0,0,0,0,0,0,0,0,0,0,0,0,0,0
Polygala_amarella,na,na,na,na,na,na,na,na,na,na,na,na,na,na,na,na,na,na,na,na,na,na,na,na,na,na,na,na,na,na,na,na,na,na,na,na,na,na,na,na,0,0,0,0,0,0,0,0,0,0,0,0,0,0,0,0,0,0,0,0,0,0,0,0,0,0,0,0,0,0,0,0,0,0,0,0,0,0,0,0,0,0,0,0,0,0,0,0,0,0,0,2,0,2,0,0,0,0,0,1,0,0,0,0,0,0,0,0,0,0,0,0,0,0,0,0,0,0,0,0,0,0,0,0,0,0,0,0,0,0,0,0,0,0,0,0,0,0,0,0,0,0,0,0,0,0,0,0,0,0,0,0,0,0,0,0,0,0,0,0,0,0,0,0,0,0,0,0,1,0,0,1,0,1,1,0,0,0,0,0,0,0,1,0,0,0,0,0,0,0,0,0,0,0,0,0,0,0,0,0,0,0,0,0,0,0,0,0,0,0,0,0,0,0,0,0,0,0,0,0,0,0,0,0,0,0,0,0,0,0,0,0,0,0,0,0,0,0,0,0,0,0,0,0
Polygala_chamaebuxus,0,0,30,75,31,82,3,2,0,48,23,48,34,33,50,25,2,3,5,5,15,40,3,26,3,60,0,0,0,2,81,67,61,54,45,55,20,34,36,58,0,0,68,59,68,20,72,3,0,40,26,86,58,75,71,49,0,5,6,22,38,82,5,63,2,40,4,0,0,3,51,6,30,61,40,19,24,75,38,25,0,0,62,46,15,23,41,6,0,84,70,92,24,78,82,3,0,1,26,60,73,80,53,34,33,45,4,0,0,24,95,65,57,68,49,61,33,45,29,15,0,0,58,57,61,56,41,9,0,32,31,50,31,50,75,0,0,28,34,20,44,51,38,4,0,3,0,0,1,3,5,0,8,12,12,8,0,8,1,9,0,0,0,0,0,0,4,4,20,0,20,2,30,30,50,10,4,20,4,10,15,1,10,1,10,10,10,20,40,10,4,60,10,4,4,15,20,0,30,60,15,15,0,0,0,0,0,0,1,1,0,1,1,0,4,0,2,2,1,1,2,1,1,2,1,1,1,1,0,1,1,1,2,4,2,1,1,0,0,0,1,0,0,0
Polygala_vulgaris,na,na,na,na,na,na,na,na,na,na,na,na,na,na,na,na,na,na,na,na,na,na,na,na,na,na,na,na,na,na,na,na,na,na,na,na,na,na,na,na,0,0,0,0,0,0,0,0,0,0,0,0,0,0,0,0,0,0,0,0,0,0,0,0,0,0,0,0,0,0,0,0,0,0,0,0,0,0,0,0,0,0,0,0,0,0,0,0,0,0,0,0,0,0,0,0,0,0,0,0,0,0,0,0,0,0,0,0,0,0,0,0,0,0,0,0,0,0,0,0,0,0,0,0,0,0,0,0,0,0,0,0,0,0,0,0,0,0,0,0,0,0,0,0,0,0,0,0,0,0,0,0,0,0,0,0,0,0,0,0,0,0,0,0,0,0,0,0,0,0,0,0,1,0,1,1,0,1,1,0,1,0,0,0,0,0,0,0,0,0,0,0,0,0,0,0,0,0,0,0,0,0,0,0,0,0,0,0,0,0,0,0,0,0,0,0,0,0,0,0,0,0,0,0,0,0,0,0,0,0,0,0,0,0,0,0,0,0,0,0,0,0,0,0
Polygonatum_odoratum,na,na,na,na,na,na,na,na,na,na,na,na,na,na,na,na,na,na,na,na,na,na,na,na,na,na,na,na,na,na,na,na,na,na,na,na,na,na,na,na,0,0,0,20,0,4,0,0,0,0,0,0,0,0,0,0,0,0,0,0,0,0,0,0,0,0,0,0,0,0,0,0,0,0,0,0,0,0,0,0,0,0,0,0,40,4,0,0,0,0,0,6,0,0,0,0,0,0,0,0,4,1,0,0,0,0,0,0,0,0,0,0,0,0,0,0,0,0,0,0,0,0,0,89,2,8,0,0,0,0,35,29,0,0,0,0,0,0,0,1,55,0,0,0,0,0,0,0,0,0,0,0,0,0,0,0,0,0,0,6,0,0,0,0,0,0,1,0,0,0,0,1,0,0,0,0,0,0,0,0,0,0,0,0,0,0,0,0,0,0,0,0,0,0,15,0,0,3,0,1,1,1,0,0,0,0,0,0,1,0,1,0,0,0,0,0,0,0,0,0,0,2,1,0,0,0,0,0,1,0,0,0,0,0,0,1,1,30,0,4,2,10,0,10
Potentilla_alba,0,0,4,8,0,5,15,10,0,0,0,2,2,0,0,0,0,0,0,0,0,0,0,0,0,0,0,0,21,0,0,0,0,0,0,0,0,0,0,0,0,2,4,11,6,20,19,8,0,0,0,2,0,0,0,0,0,0,0,0,0,0,0,0,0,0,0,0,46,0,0,0,0,0,0,0,0,0,0,4,0,3,8,5,5,10,19,20,0,0,0,3,0,0,0,0,0,0,0,0,0,0,0,0,0,0,0,0,55,0,0,0,0,1,0,0,0,0,0,2,0,7,7,5,4,7,9,20,0,0,0,3,0,0,0,0,0,0,0,0,0,0,0,0,0,0,0,1,39,0,0,0,0,2,0,0,4,0,0,3,0,0,0,0,0,0,0,0,0,0,0,0,0,0,0,0,0,0,0,0,0,0,0,0,1,1,0,0,0,0,1,0,1,0,0,1,0,0,1,1,1,0,0,0,0,0,0,0,0,0,0,0,0,0,0,0,0,0,0,0,0,0,0,0,0,0,1,2,0,0,1,1,0,0,0,4,1,1,1,0,1,2,1,1
Potentilla_incana,na,na,na,na,na,na,na,na,na,na,na,na,na,na,na,na,na,na,na,na,na,na,na,na,na,na,na,na,na,na,na,na,na,na,na,na,na,na,na,na,0,20,17,22,20,1,5,65,86,39,84,14,64,51,65,76,74,66,47,34,80,31,29,47,17,26,14,0,0,69,58,5,4,1,10,48,35,15,37,8,0,21,8,0,2,0,1,44,76,15,76,6,35,18,7,6,64,30,0,14,59,20,18,45,7,3,9,0,0,72,52,1,0,0,2,18,15,3,22,1,0,36,12,11,2,0,0,5,29,2,40,0,6,5,0,4,0,0,0,4,0,13,12,37,25,4,0,0,0,84,92,3,7,0,1,0,4,0,2,1,1,0,1,1,0,1,2,1,4,4,0,3,0,1,1,1,1,1,2,0,2,3,1,1,1,1,1,1,1,0,0,1,0,1,1,1,1,1,1,1,2,1,1,1,0,1,0,2,1,1,4,1,1,4,0,0,1,1,1,1,1,0,1,1,1,1,10,1,0,1,4,4,1,2,0,0,1,1,4,2,2,4,4,10
Primula_veris,na,na,na,na,na,na,na,na,na,na,na,na,na,na,na,na,na,na,na,na,na,na,na,na,na,na,na,na,na,na,na,na,na,na,na,na,na,na,na,na,0,0,0,0,0,0,0,0,0,0,0,0,0,0,0,0,0,0,0,0,0,0,0,0,0,0,0,0,0,0,0,0,0,0,0,0,0,0,0,0,0,0,0,0,0,0,0,0,0,0,0,0,0,0,0,0,0,0,0,0,0,0,0,0,0,0,0,0,0,0,0,0,0,0,0,1,0,0,0,0,0,0,0,0,0,0,0,0,0,0,0,0,0,0,0,0,0,0,0,0,0,0,0,0,0,0,0,9,1,0,0,0,0,0,0,1,0,0,0,0,0,0,0,0,0,0,0,0,0,0,0,0,0,0,0,0,0,0,0,0,0,0,0,0,0,0,0,0,0,0,0,0,0,0,0,0,0,0,0,0,0,0,0,0,0,0,0,0,0,0,0,0,0,0,0,0,0,0,0,0,0,0,0,0,0,0,0,0,0,0,0,0,0,0,0,0,0,0,0,0,0,0,0,0
Prunella_grandiflora,na,na,na,na,na,na,na,na,na,na,na,na,na,na,na,na,na,na,na,na,na,na,na,na,na,na,na,na,na,na,na,na,na,na,na,na,na,na,na,na,0,0,2,0,0,0,8,4,7,3,18,0,9,27,10,0,34,0,0,1,0,1,0,0,2,0,0,0,0,0,1,1,3,8,4,0,0,2,1,0,0,0,0,0,0,0,15,8,5,4,22,0,6,15,7,0,29,2,1,0,0,4,0,0,2,0,0,0,0,0,0,0,0,0,0,2,0,1,6,0,0,0,1,0,0,0,0,4,0,3,29,0,19,3,3,1,6,0,3,0,0,7,0,1,2,2,0,0,3,0,0,0,0,0,0,0,20,0,0,0,2,2,1,3,2,4,0,1,0,1,1,0,1,3,1,4,3,2,1,0,0,1,0,0,1,0,1,1,0,0,0,0,0,0,0,0,0,0,0,0,0,0,1,2,4,1,0,0,4,4,2,4,1,1,1,1,1,1,1,2,0,0,0,0,0,1,4,0,0,1,0,0,0,0,1,0,1,0,1,1,0,0,0,0
Pulsatilla_grandis,na,na,na,na,na,na,na,na,na,na,na,na,na,na,na,na,na,na,na,na,na,na,na,na,na,na,na,na,na,na,na,na,na,na,na,na,na,na,na,na,0,0,0,0,0,0,0,0,0,2,0,0,0,0,0,0,0,0,0,0,0,0,0,0,0,0,0,0,0,0,0,0,0,0,0,0,0,0,0,0,0,0,0,0,0,0,0,0,0,0,0,0,0,0,0,0,0,0,0,0,0,0,0,0,0,0,0,0,0,0,0,0,0,0,0,0,0,0,0,0,0,0,0,0,0,0,0,0,0,0,0,0,0,0,0,0,0,0,0,0,0,0,0,0,0,0,0,0,0,0,0,0,0,0,0,0,0,0,0,0,0,0,0,0,0,0,0,0,0,0,0,0,0,0,0,0,0,0,0,0,0,0,0,0,0,0,0,0,0,0,0,0,0,0,0,0,0,0,0,0,0,0,0,0,0,0,0,0,0,0,0,0,0,0,0,0,0,0,0,0,0,0,0,0,0,0,0,0,0,0,0,0,0,0,0,0,0,0,0,0,0,0,0,0
Ranunculus_bulbosus,0,0,0,0,0,0,0,0,0,0,0,0,0,0,0,0,0,0,0,0,0,0,0,0,0,0,0,0,0,0,0,0,0,0,0,0,0,0,0,0,0,0,0,0,0,0,0,0,0,0,0,0,0,0,0,0,0,0,0,0,0,0,0,0,0,0,0,0,0,0,0,0,0,0,0,0,0,0,0,0,5,0,0,0,0,0,0,0,0,0,0,0,0,0,0,0,0,0,0,0,0,0,0,0,0,0,0,4,0,0,0,0,0,0,0,0,1,0,0,0,1,0,0,0,0,0,0,0,0,0,0,0,0,0,0,0,0,0,0,0,0,0,0,0,0,0,0,0,0,0,0,0,0,0,0,0,0,0,0,0,0,0,0,0,0,0,0,0,0,0,0,0,0,0,0,0,0,0,0,0,0,0,0,0,0,0,0,0,0,0,0,0,0,0,0,0,0,0,0,0,0,0,0,0,0,0,0,0,0,0,0,0,0,0,0,0,0,0,0,0,0,0,0,0,0,0,0,0,0,0,0,0,0,0,0,0,0,0,0,0,0,0,0,0
Rhamnus_saxatilis,na,na,na,na,na,na,na,na,na,na,na,na,na,na,na,na,na,na,na,na,na,na,na,na,na,na,na,na,na,na,na,na,na,na,na,na,na,na,na,na,0,0,0,0,0,0,0,0,0,0,0,0,0,0,0,0,0,0,0,0,0,0,0,0,0,10,0,0,0,0,0,0,0,0,0,0,0,0,0,0,0,0,0,0,0,0,0,0,0,0,0,0,0,0,0,0,0,0,0,0,0,0,0,0,0,23,0,0,0,0,0,0,0,0,0,0,0,0,0,0,0,0,0,0,0,0,0,0,0,0,0,0,0,0,0,0,0,0,0,0,0,0,0,0,0,20,0,0,0,0,0,0,0,0,0,0,0,0,0,0,0,0,0,0,0,0,0,0,0,0,0,0,0,0,0,0,1,0,0,0,0,0,4,0,0,0,0,0,0,0,1,0,0,0,0,1,0,0,0,0,0,0,2,0,0,0,0,0,0,0,0,0,0,0,0,0,0,0,0,0,0,0,0,0,0,0,0,0,0,1,0,0,2,0,1,0,1,0,0,2,0,10,0,0
Rhinanthus_aristatus,na,na,na,na,na,na,na,na,na,na,na,na,na,na,na,na,na,na,na,na,na,na,na,na,na,na,na,na,na,na,na,na,na,na,na,na,na,na,na,na,0,0,13,8,10,20,6,1,1,39,8,40,7,16,25,1,21,0,26,16,15,11,15,22,2,20,9,0,0,8,0,14,0,17,7,24,10,7,7,1,0,3,2,0,0,2,0,1,1,0,2,0,0,1,0,4,0,1,0,2,2,2,3,1,2,2,5,0,0,0,3,5,0,5,3,4,18,6,6,1,0,0,4,1,3,1,2,7,0,0,1,3,0,0,0,1,0,6,0,2,0,3,0,3,0,1,1,0,12,0,0,1,0,0,0,1,0,0,0,1,1,1,0,1,1,1,1,1,1,1,1,0,1,1,1,1,1,1,1,1,1,1,1,1,1,1,1,0,0,0,1,0,0,1,1,0,0,3,0,0,1,1,0,1,1,0,0,0,1,1,1,0,0,0,1,1,1,1,1,1,1,1,1,1,1,1,1,0,0,0,1,0,1,1,1,2,1,0,0,0,0,0,0,0
Salvia_pratensis,na,na,na,na,na,na,na,na,na,na,na,na,na,na,na,na,na,na,na,na,na,na,na,na,na,na,na,na,na,na,na,na,na,na,na,na,na,na,na,na,0,0,0,0,0,2,0,3,0,0,1,0,0,0,1,0,0,0,0,0,0,0,0,0,0,0,0,0,0,0,0,0,0,0,0,1,8,0,1,1,1,0,0,0,0,1,0,4,0,0,1,0,0,0,0,0,0,0,0,0,0,0,0,1,1,0,0,0,1,0,0,0,0,0,0,3,5,0,4,1,0,0,0,0,0,0,0,1,1,0,1,0,0,0,0,0,0,0,0,0,0,0,0,0,0,0,0,0,1,0,0,0,0,0,0,0,3,0,2,1,1,2,2,1,1,0,0,1,0,1,0,1,1,0,0,0,0,0,1,0,0,1,1,1,0,1,0,0,0,1,0,0,0,0,1,1,1,0,0,0,0,0,0,1,2,1,0,1,1,0,0,0,0,1,1,1,0,0,0,0,0,0,0,0,0,1,0,1,0,0,0,0,0,0,0,0,1,2,1,0,0,0,0,0
Sanguisorba_minor,na,na,na,na,na,na,na,na,na,na,na,na,na,na,na,na,na,na,na,na,na,na,na,na,na,na,na,na,na,na,na,na,na,na,na,na,na,na,na,na,0,0,0,0,0,0,0,0,0,0,0,0,0,0,0,0,0,0,0,0,0,0,0,0,0,0,0,0,0,0,1,0,0,0,0,0,0,0,0,0,0,0,0,0,0,0,0,0,0,0,1,0,0,0,0,0,0,0,0,0,0,0,0,0,0,0,0,0,0,0,0,0,0,0,0,0,0,0,0,0,1,0,0,0,0,0,0,0,0,0,0,0,0,0,0,0,0,0,0,0,0,0,0,0,0,0,0,0,0,0,0,0,0,0,0,0,0,0,0,0,0,0,0,0,0,0,0,0,0,0,0,0,0,0,0,0,1,0,0,1,0,0,0,0,0,0,0,0,0,0,0,0,0,0,0,0,0,0,0,0,0,0,0,0,0,0,0,0,0,0,0,0,0,0,0,0,0,0,0,0,0,0,0,0,0,0,1,0,0,0,0,0,0,0,0,0,0,0,0,0,0,0,0,0
Scabiosa_canescens,0,0,0,0,0,0,0,0,0,0,0,1,0,0,0,0,0,0,0,1,0,0,0,0,0,2,0,0,0,0,0,0,0,1,2,1,0,0,0,0,0,0,0,0,1,1,2,0,0,0,0,0,0,4,0,0,0,0,0,0,1,0,0,0,0,3,0,0,0,0,0,0,0,0,0,2,0,0,1,0,0,0,2,3,1,0,1,1,6,0,0,0,0,0,0,0,0,0,0,1,1,0,0,0,0,4,0,0,1,0,0,0,0,0,1,0,0,2,0,0,0,0,0,0,0,0,0,1,0,0,0,0,0,0,0,0,0,0,0,0,1,0,0,0,0,0,0,0,0,0,0,0,0,0,0,0,0,1,0,0,1,0,0,1,0,1,1,1,1,1,0,1,0,0,0,0,0,0,2,0,1,0,0,0,0,0,0,0,0,0,0,0,1,0,0,0,0,0,0,0,0,0,1,0,0,0,1,0,2,0,0,1,0,1,0,1,0,1,1,0,0,1,0,1,0,0,1,1,0,0,0,0,1,0,0,0,0,0,0,0,0,0,0,0
Scabiosa_columbaria,0,0,0,0,1,0,0,0,0,0,0,0,0,0,0,0,0,0,0,0,0,0,0,0,0,0,0,0,0,0,0,0,0,0,0,0,0,0,0,0,0,0,0,0,0,0,2,0,0,0,0,0,0,0,0,0,0,0,0,0,0,0,0,0,0,0,0,0,0,0,1,2,0,0,0,0,1,0,0,0,1,0,0,0,0,0,1,8,0,5,2,0,1,0,0,0,0,0,0,2,2,0,0,0,3,5,0,0,2,0,1,0,0,0,14,13,11,6,0,5,0,0,0,0,0,0,0,0,0,0,0,0,0,0,0,0,0,0,0,0,0,0,0,0,0,0,0,0,0,0,0,0,0,0,0,0,0,0,0,0,0,0,0,1,1,0,0,0,0,0,0,0,0,0,0,0,0,0,0,1,1,0,1,0,0,0,0,0,0,0,0,0,0,0,0,0,0,0,0,0,0,0,0,0,0,0,2,0,1,0,0,0,0,0,0,0,0,1,0,0,0,0,0,0,0,0,0,0,0,0,0,0,0,0,0,0,0,0,0,0,1,0,0,0
Securigera_varia,20,10,0,0,0,0,0,0,0,0,0,0,0,0,0,0,0,0,0,0,0,0,0,0,0,0,0,0,0,0,0,0,0,0,0,0,0,0,0,0,11,0,0,0,0,0,0,0,0,0,0,0,0,0,0,0,0,0,0,0,0,0,0,0,0,0,0,0,0,0,0,0,0,0,0,0,0,0,0,0,0,0,0,0,0,0,0,0,0,0,0,0,0,0,0,0,0,0,0,0,0,0,0,0,0,0,0,0,0,0,0,0,0,0,0,0,0,0,0,0,6,0,0,0,0,0,0,0,0,0,0,0,0,0,0,0,0,0,0,0,0,0,0,0,0,0,0,0,0,0,0,0,0,0,0,0,0,0,0,0,0,0,0,0,0,0,0,0,0,0,0,0,0,0,0,0,0,0,0,0,0,0,0,0,0,0,0,0,0,0,0,0,0,0,0,0,0,0,0,0,0,0,0,0,0,0,0,0,0,0,0,0,0,0,0,0,0,0,0,0,0,0,0,0,0,0,0,0,0,0,0,0,0,0,0,0,0,0,0,0,0,0,0,0
Seseli_annuum,0,0,0,0,0,0,0,0,0,0,0,0,0,0,0,0,0,0,0,0,0,0,0,0,0,0,0,0,0,0,0,0,0,0,0,0,0,0,0,0,0,0,0,0,0,0,0,0,0,0,0,0,0,0,0,0,0,0,0,0,0,0,0,0,0,0,0,0,0,0,0,0,0,0,0,0,0,0,0,0,0,0,0,0,0,0,0,0,0,0,0,0,0,0,0,0,0,0,0,0,0,0,0,0,0,0,0,0,0,1,0,0,0,0,1,3,0,0,0,0,0,0,0,0,0,0,0,0,0,0,0,0,0,0,0,0,0,0,0,0,0,0,0,0,0,0,0,0,0,0,0,0,0,0,0,0,0,0,0,0,0,0,0,0,0,0,0,0,0,0,0,0,0,0,0,0,0,0,0,0,0,0,0,0,0,0,0,0,0,0,0,0,0,0,0,0,0,0,0,0,0,0,0,0,0,0,0,0,0,0,0,0,0,0,0,0,0,0,0,0,0,0,0,0,0,0,0,0,0,0,0,0,0,0,0,0,0,0,0,0,0,0,0,0
Sesleria_albicans,na,na,na,na,na,na,na,na,na,na,na,na,na,na,na,na,na,na,na,na,na,na,na,na,na,na,na,na,na,na,na,na,na,na,na,na,na,na,na,na,0,0,0,0,0,1,0,1,0,0,1,0,0,0,3,0,4,0,2,0,0,0,1,1,0,1,0,7,1,0,0,0,2,0,3,0,4,0,0,0,0,0,0,0,0,0,0,0,0,0,0,0,0,0,0,0,0,0,0,0,0,0,0,0,0,0,0,0,0,0,0,0,0,0,0,0,0,0,0,0,0,0,0,0,0,0,0,0,0,0,0,0,0,0,0,0,0,0,0,0,0,0,0,0,0,0,0,0,0,0,0,0,0,0,0,0,0,0,0,0,0,0,0,0,0,0,0,0,0,0,0,0,0,0,0,0,0,0,0,0,0,0,0,0,0,0,0,0,0,0,0,0,0,0,0,0,0,0,0,0,0,0,0,0,0,0,0,0,0,0,0,0,0,0,0,0,0,0,0,0,0,0,0,0,0,0,0,0,0,0,0,0,0,0,0,0,0,0,0,0,0,0,0,0
Stachys_officinalis,0,5,5,7,0,1,7,5,16,0,1,0,3,10,37,25,37,6,26,5,0,0,1,36,31,8,39,2,9,2,1,1,0,1,10,36,0,2,0,0,0,2,7,16,2,3,5,7,6,5,1,4,1,6,8,7,21,3,7,1,0,0,3,13,5,8,10,4,5,0,1,0,0,1,3,18,0,4,0,1,0,3,12,2,8,6,12,10,11,8,1,5,9,13,19,1,22,6,10,2,0,0,3,8,9,4,24,3,13,1,3,0,0,1,13,22,2,6,0,2,0,3,9,3,2,45,3,6,2,4,6,4,3,5,13,2,3,1,2,0,0,4,0,6,6,4,18,5,5,1,1,0,0,1,3,2,1,0,0,1,0,0,1,1,0,1,1,1,0,0,0,0,2,2,3,4,2,2,1,1,2,2,0,1,1,1,1,0,1,0,1,1,0,0,1,0,1,0,0,1,1,1,1,1,4,2,0,1,1,2,0,0,0,0,2,1,1,2,1,1,1,1,1,1,0,1,2,2,0,1,1,1,1,2,1,1,1,1,0,0,1,0,0,0
Tanacetum_corymbosum,0,0,0,0,0,0,0,0,0,0,0,0,0,0,0,0,0,0,0,0,0,0,0,0,0,0,0,0,0,0,0,0,0,0,0,0,0,0,0,0,0,0,0,0,0,0,0,0,0,0,0,0,0,0,0,0,0,0,0,0,0,0,0,0,0,0,0,0,0,0,0,0,0,0,0,0,0,0,0,0,0,0,0,0,0,0,0,0,0,0,0,0,0,0,0,0,0,0,0,0,0,0,0,0,0,0,0,0,3,0,0,0,0,0,0,0,0,0,0,0,0,0,0,0,0,0,0,0,0,0,0,0,0,0,0,0,0,0,0,0,0,0,0,0,0,0,0,0,0,0,0,0,0,0,0,0,0,0,0,0,0,0,0,0,0,0,0,0,0,0,0,0,0,0,0,0,0,0,0,0,0,0,0,0,0,0,0,0,0,0,0,0,0,0,0,0,0,0,0,0,0,0,0,0,0,0,0,0,0,0,0,0,0,0,0,0,0,0,0,0,0,0,0,0,0,0,0,0,0,0,0,0,0,0,0,0,0,0,0,0,0,0,0,0
Taraxacum_campylodes,na,na,na,na,na,na,na,na,na,na,na,na,na,na,na,na,na,na,na,na,na,na,na,na,na,na,na,na,na,na,na,na,na,na,na,na,na,na,na,na,0,0,0,1,0,0,0,0,0,0,0,0,0,0,0,0,0,0,0,0,0,0,0,0,0,0,0,0,0,0,0,0,1,0,1,0,0,0,0,0,1,0,0,0,0,0,0,0,0,0,0,0,0,0,0,0,0,0,0,0,0,0,0,0,0,0,0,0,0,0,0,0,0,0,0,0,0,0,0,0,0,0,0,0,0,0,0,0,0,0,0,0,0,0,0,0,0,0,0,0,0,0,0,0,0,0,0,0,0,0,0,0,0,0,0,0,0,0,0,0,0,0,0,0,0,0,0,0,0,0,0,0,0,0,0,0,0,0,0,0,0,0,0,0,0,0,0,0,0,0,0,0,0,0,0,0,0,0,0,0,0,0,0,0,0,0,0,0,0,0,0,0,0,0,0,0,0,0,0,0,0,0,0,0,0,0,0,0,0,0,0,0,0,0,0,0,0,0,0,0,0,0,0,0
Teucrium_montanum,na,na,na,na,na,na,na,na,na,na,na,na,na,na,na,na,na,na,na,na,na,na,na,na,na,na,na,na,na,na,na,na,na,na,na,na,na,na,na,na,0,0,0,1,0,0,1,0,0,2,0,8,48,14,42,26,23,2,8,32,29,1,7,20,10,1,0,0,0,2,0,0,0,2,18,6,0,3,4,0,0,0,0,0,2,1,2,6,0,1,0,7,74,15,32,0,17,4,8,35,35,0,13,18,14,1,0,0,0,7,1,0,0,4,37,5,0,3,8,0,0,0,0,1,0,0,0,0,0,1,0,0,7,13,0,0,0,3,18,12,15,12,13,47,50,0,0,0,0,2,2,4,0,3,1,0,0,0,0,0,0,1,0,0,0,0,0,0,0,1,0,1,0,0,0,1,0,1,1,1,3,1,0,1,1,0,0,0,0,1,0,0,0,0,0,0,0,1,0,0,0,1,0,0,0,0,0,0,1,1,1,1,1,2,0,0,0,1,1,0,1,1,1,2,1,2,1,0,0,0,0,1,2,0,0,0,0,0,0,10,1,1,0,1
Thesium_linophyllon,0,1,1,1,2,17,1,0,0,5,17,0,5,3,0,11,2,10,7,17,33,27,12,5,32,5,0,0,2,15,16,13,7,1,13,0,0,17,13,1,0,0,0,1,3,5,2,0,0,0,0,4,0,0,0,1,0,6,7,9,8,9,5,3,0,5,0,0,0,0,1,5,3,0,4,0,0,5,2,2,3,0,0,1,0,1,0,0,0,1,2,10,1,4,0,3,5,9,2,5,10,11,1,2,6,2,7,0,0,2,2,0,1,1,4,0,0,0,0,0,0,0,0,7,2,0,0,0,0,2,0,9,0,0,2,0,0,2,0,0,3,0,0,0,0,0,3,0,1,0,1,4,0,2,3,0,0,0,0,0,0,0,1,1,1,0,0,0,1,1,1,1,0,1,1,1,1,1,1,2,1,1,2,1,0,1,1,1,0,0,0,0,0,1,0,1,1,0,0,0,0,1,0,0,0,1,0,0,0,1,0,1,0,0,0,1,1,1,0,0,0,0,0,0,1,0,0,0,1,1,0,1,0,0,0,1,1,0,0,0,0,0,0,0
Thymus_praecox,0,8,0,1,0,2,1,0,0,0,11,4,0,0,0,0,3,0,0,0,0,0,4,4,2,0,0,0,0,4,0,0,0,0,0,0,0,0,1,0,0,0,4,6,0,28,7,7,0,0,0,14,9,2,28,12,33,39,12,3,3,3,17,38,2,0,0,0,0,11,0,0,0,0,0,0,0,0,2,0,0,0,15,0,0,12,16,8,5,1,4,24,3,11,1,0,70,53,12,3,31,8,68,61,0,10,0,0,0,92,0,0,0,0,0,0,0,0,0,2,0,14,84,0,0,21,0,4,0,0,0,0,0,1,0,14,3,0,1,4,0,29,25,24,1,0,0,0,0,0,12,0,0,0,0,0,0,0,0,0,1,0,1,0,1,0,0,1,0,0,1,0,0,1,0,1,1,1,0,1,1,1,1,1,0,0,0,1,0,0,0,0,1,0,1,0,0,1,0,0,0,1,0,0,0,0,0,0,0,2,1,1,1,1,1,0,0,1,0,0,0,1,1,1,0,1,1,0,0,1,0,0,1,0,1,1,0,0,1,10,1,1,1,2
Trifolium_dubium,na,na,na,na,na,na,na,na,na,na,na,na,na,na,na,na,na,na,na,na,na,na,na,na,na,na,na,na,na,na,na,na,na,na,na,na,na,na,na,na,2,0,0,0,0,0,0,0,0,0,0,0,0,0,0,0,0,0,0,0,0,0,0,0,0,0,0,0,0,0,0,0,0,0,0,0,0,0,0,0,0,0,0,0,0,0,0,0,0,0,0,0,0,0,0,0,0,0,0,0,0,0,0,0,0,0,0,0,0,0,0,0,0,0,0,0,0,0,0,0,0,0,0,0,0,0,0,0,0,0,0,0,0,0,0,0,0,0,0,0,0,0,0,0,0,0,0,0,0,0,0,0,0,0,0,0,0,0,0,0,0,0,0,0,0,0,0,0,0,0,0,0,0,0,0,0,0,0,0,0,0,0,0,0,0,0,0,0,0,0,0,0,0,0,0,0,0,0,0,0,0,0,0,0,0,0,0,0,0,0,0,0,0,0,0,0,0,0,0,0,0,0,0,0,0,0,0,0,0,0,0,0,0,0,0,0,0,0,0,0,0,0,0,0
Trifolium_montanum,0,2,1,0,0,1,1,1,0,0,0,0,0,2,0,0,1,5,24,0,0,0,0,3,3,0,0,0,0,0,0,0,0,1,3,5,1,1,1,1,0,0,5,0,0,5,3,2,0,3,0,0,0,0,0,0,1,7,24,0,0,0,0,11,1,3,0,0,0,0,0,0,0,3,2,17,0,2,0,1,0,0,0,0,0,3,3,1,0,1,0,0,0,1,0,0,1,10,18,1,0,0,0,10,1,1,0,0,0,0,0,0,0,0,3,24,1,0,0,1,0,1,0,0,1,3,1,2,0,1,0,0,0,0,0,0,0,5,4,0,0,0,0,3,1,0,0,0,0,0,0,0,0,0,0,3,1,1,0,0,0,0,0,2,0,1,1,1,1,0,0,1,1,1,1,1,1,1,0,1,1,1,1,1,0,0,1,1,0,0,1,0,0,0,0,0,0,0,1,1,1,2,0,1,0,1,0,0,2,0,0,0,1,0,1,1,1,1,1,1,1,0,1,1,1,1,0,0,0,1,0,1,0,0,0,0,0,0,0,0,0,1,0,0
Trifolium_pratense,na,na,na,na,na,na,na,na,na,na,na,na,na,na,na,na,na,na,na,na,na,na,na,na,na,na,na,na,na,na,na,na,na,na,na,na,na,na,na,na,0,0,0,0,0,0,0,0,0,0,0,0,0,0,0,0,0,0,0,0,0,0,0,0,0,0,0,0,0,0,0,0,0,0,0,0,0,0,0,0,0,0,0,0,0,2,0,0,0,0,0,0,0,0,0,0,0,0,2,0,0,0,0,3,1,1,0,0,0,0,0,0,0,0,0,0,0,0,0,0,0,0,0,0,0,0,0,0,0,0,0,0,0,0,0,0,0,0,0,0,0,0,0,0,0,0,0,0,0,0,0,0,0,0,0,0,0,0,0,0,0,0,0,0,0,0,0,0,0,0,0,0,0,0,0,0,0,0,0,0,0,0,0,0,0,0,0,0,0,0,0,0,0,0,0,0,0,0,0,0,0,0,0,0,0,0,0,0,0,0,0,0,0,0,0,0,0,0,0,0,0,0,0,0,0,0,0,0,0,0,0,0,0,0,0,0,0,0,0,0,0,0,0,0
Trifolium_repens,0,0,0,0,0,0,0,0,0,0,0,0,0,0,0,0,0,0,0,0,0,0,0,0,0,0,0,0,0,0,0,0,0,0,0,0,0,0,0,0,0,0,0,0,0,0,0,0,0,0,0,0,0,0,0,0,0,0,0,0,0,0,0,0,0,0,0,0,0,0,0,0,0,0,0,0,0,0,0,0,0,0,0,0,6,0,0,0,0,0,0,0,0,0,0,0,0,0,0,0,0,0,0,0,0,0,0,0,0,0,0,0,0,0,0,0,0,0,0,0,0,0,0,0,0,0,0,0,0,0,0,0,0,0,0,0,0,0,0,0,0,0,0,0,0,0,0,0,0,0,0,0,0,0,0,0,0,0,0,0,0,0,0,0,0,0,0,0,0,0,0,0,0,0,0,0,0,0,0,0,0,0,0,0,0,0,0,0,0,0,0,0,0,0,0,0,0,0,0,0,0,0,0,0,0,0,0,0,0,0,0,0,0,0,0,0,0,0,0,0,0,0,0,0,0,0,0,0,0,0,0,0,0,0,0,0,0,0,0,0,0,0,0,0
Veronica_arvensis,0,0,0,0,0,0,0,0,0,0,0,0,0,0,0,0,0,0,0,0,0,0,0,0,0,0,0,0,0,0,0,0,0,0,0,0,0,0,0,0,0,0,0,0,0,0,0,0,0,0,0,0,0,0,0,0,0,0,0,0,0,0,0,0,0,0,0,0,0,0,0,0,0,0,0,0,0,0,0,0,0,0,0,0,0,0,0,0,0,0,1,0,0,0,0,0,0,0,0,0,0,0,0,0,0,0,0,0,0,0,0,0,0,0,0,0,0,0,0,0,0,0,0,0,0,0,0,0,0,0,0,0,0,0,0,0,0,0,0,0,0,0,0,0,0,0,0,0,0,0,0,0,0,0,0,0,0,0,0,0,0,0,0,0,0,0,0,0,0,0,0,0,0,0,0,0,0,0,0,0,0,0,0,0,0,0,0,0,0,0,0,0,0,0,0,0,0,0,0,0,0,0,0,0,0,0,0,0,0,0,0,0,0,0,0,0,0,0,0,0,0,0,0,0,0,0,0,0,0,0,0,0,0,0,0,0,0,0,0,0,0,0,0,0
Veronica_austriaca,0,0,0,0,0,0,0,0,0,2,0,0,0,0,0,0,0,0,0,0,0,0,0,0,0,0,0,0,0,0,0,0,0,0,0,0,0,0,0,0,0,0,0,0,0,0,0,0,2,0,0,0,0,0,0,0,0,0,0,0,0,0,0,0,0,0,0,0,0,0,0,0,0,0,0,0,0,0,0,0,0,0,0,0,0,0,0,0,0,0,0,0,0,0,0,0,0,0,0,0,0,0,0,0,0,0,0,0,0,0,0,0,0,0,0,0,0,0,0,0,0,0,0,0,0,0,0,0,0,0,0,0,0,0,0,0,0,0,0,0,0,0,0,0,0,0,0,0,0,0,0,0,0,0,0,0,0,0,0,0,0,0,0,0,0,0,0,0,0,0,0,0,0,0,0,0,0,0,0,0,0,0,0,0,0,0,0,0,0,0,0,0,0,0,0,0,0,0,0,0,0,0,0,0,0,0,0,0,0,0,0,0,0,0,0,0,0,0,0,0,0,0,0,0,0,0,0,0,0,0,0,0,0,0,0,0,0,0,0,0,0,0,0,0
Veronica_spicata,na,na,na,na,na,na,na,na,na,na,na,na,na,na,na,na,na,na,na,na,na,na,na,na,na,na,na,na,na,na,na,na,na,na,na,na,na,na,na,na,0,0,0,0,0,0,0,0,0,0,0,0,0,0,0,0,0,0,0,0,0,0,0,0,0,0,0,0,0,1,1,0,0,0,0,0,0,0,0,0,0,0,0,0,0,0,0,0,0,0,0,0,0,0,0,0,0,0,0,0,0,0,0,0,0,0,0,0,0,0,1,0,0,0,0,1,1,0,0,0,0,0,0,0,0,0,0,0,0,0,0,0,0,0,0,0,0,0,0,0,0,0,0,0,0,0,0,0,0,0,0,0,0,0,0,0,0,0,0,0,0,0,0,0,0,0,0,0,1,0,0,0,0,0,0,1,1,0,0,0,0,0,0,1,0,0,0,0,0,0,0,0,0,0,0,0,0,0,0,0,0,0,0,0,0,0,0,0,0,0,0,0,0,0,0,0,0,0,0,0,0,0,0,0,0,0,0,0,0,0,0,0,0,0,0,0,0,0,0,0,0,0,0,0
Vicia_cracca,na,na,na,na,na,na,na,na,na,na,na,na,na,na,na,na,na,na,na,na,na,na,na,na,na,na,na,na,na,na,na,na,na,na,na,na,na,na,na,na,0,0,0,0,0,0,0,0,0,0,0,0,0,0,0,0,0,0,0,0,0,0,0,0,0,0,0,0,0,0,0,0,0,0,0,0,0,0,0,0,5,0,0,0,1,0,0,0,0,0,0,0,0,0,0,0,0,0,0,0,0,0,0,0,0,0,0,0,0,0,0,1,0,0,0,0,0,0,0,0,3,0,0,0,0,0,0,0,0,0,0,0,0,0,0,0,0,0,0,0,0,0,0,0,0,0,0,0,0,0,0,0,0,0,0,0,0,0,0,0,0,0,0,0,0,0,0,0,0,0,0,0,0,0,0,0,0,0,0,0,0,0,0,0,0,0,0,0,0,0,0,0,0,0,0,0,0,0,0,0,0,0,0,0,0,0,0,0,0,0,0,0,0,0,0,0,0,0,0,0,0,0,0,0,0,0,0,0,0,0,0,0,0,0,0,0,0,0,0,0,0,0,0,0
Viola_hirta,0,0,3,0,0,0,0,0,0,0,0,0,0,0,0,0,0,6,0,0,0,0,0,0,7,0,4,3,3,0,0,0,2,4,1,7,0,1,0,3,0,0,5,0,1,4,1,0,1,0,1,1,1,1,0,0,0,6,3,0,0,0,0,10,1,1,0,5,9,0,0,1,6,17,10,42,6,15,7,12,0,0,7,1,1,4,8,3,1,0,1,0,4,1,1,0,2,10,8,0,0,1,2,3,1,2,0,10,11,2,4,8,15,10,13,37,17,26,15,9,25,0,0,5,2,4,3,5,0,2,0,0,3,1,8,0,0,1,0,0,0,1,2,0,0,5,0,6,13,0,0,0,0,1,1,6,4,29,10,10,0,0,1,1,0,2,0,1,0,1,0,1,0,0,1,0,0,1,1,1,0,1,0,1,1,1,1,1,1,1,1,0,0,0,0,0,1,0,0,1,0,0,0,2,2,2,1,1,1,0,0,0,1,0,0,0,1,0,0,1,1,0,0,0,1,1,0,1,1,1,0,1,1,0,1,1,1,1,1,1,0,1,1,1
Viola_rupestris,0,0,0,0,0,0,0,0,0,0,0,0,0,0,0,0,0,0,0,0,0,0,0,0,0,0,0,0,0,0,0,0,0,0,0,0,0,0,0,3,0,0,0,0,0,0,0,1,1,0,0,0,0,0,0,0,0,0,0,0,0,0,0,0,0,0,0,0,0,0,0,0,0,3,1,1,2,1,0,0,0,0,0,0,0,0,0,0,0,0,0,0,0,1,0,0,0,0,0,0,0,0,0,0,0,0,0,0,0,0,0,0,0,0,0,1,0,0,0,0,0,0,0,0,0,0,0,0,0,0,0,0,0,0,0,0,0,0,0,0,0,0,0,0,0,0,0,0,0,0,0,0,0,0,0,0,0,0,0,0,0,0,0,0,0,0,0,0,0,0,0,0,0,0,0,0,0,0,0,0,0,0,0,0,0,0,0,0,0,0,0,0,0,0,0,0,0,0,0,0,0,0,0,0,0,0,0,0,0,0,0,0,0,0,0,0,0,0,0,0,0,0,0,0,0,0,0,0,0,0,0,0,0,0,0,0,0,0,0,0,0,0,0,0
